Filename,Voltage (V),Current (A)
新建 Microsoft Excel 工作表.xlsx,0.00202,1.77085e-11
新建 Microsoft Excel 工作表.xlsx,0.00402,6.38258e-11
新建 Microsoft Excel 工作表.xlsx,0.00402,6.38258e-11
新建 Microsoft Excel 工作表.xlsx,0.00602,1.09723e-10
新建 Microsoft Excel 工作表.xlsx,0.00602,1.09723e-10
新建 Microsoft Excel 工作表.xlsx,0.00802,1.56138e-10
新建 Microsoft Excel 工作表.xlsx,0.00802,1.56138e-10
新建 Microsoft Excel 工作表.xlsx,0.01002,2.01535e-10
新建 Microsoft Excel 工作表.xlsx,0.01002,2.01535e-10
新建 Microsoft Excel 工作表.xlsx,0.01202,2.45855e-10
新建 Microsoft Excel 工作表.xlsx,0.01202,2.45855e-10
新建 Microsoft Excel 工作表.xlsx,0.01402,2.9125e-10
新建 Microsoft Excel 工作表.xlsx,0.01402,2.9125e-10
新建 Microsoft Excel 工作表.xlsx,0.01602,3.354e-10
新建 Microsoft Excel 工作表.xlsx,0.01602,3.354e-10
新建 Microsoft Excel 工作表.xlsx,0.01802,3.80094e-10
新建 Microsoft Excel 工作表.xlsx,0.01802,3.80094e-10
新建 Microsoft Excel 工作表.xlsx,0.02001,4.25456e-10
新建 Microsoft Excel 工作表.xlsx,0.02001,4.25456e-10
新建 Microsoft Excel 工作表.xlsx,0.02202,4.69592e-10
新建 Microsoft Excel 工作表.xlsx,0.02202,4.69592e-10
新建 Microsoft Excel 工作表.xlsx,0.02402,5.13728e-10
新建 Microsoft Excel 工作表.xlsx,0.02402,5.13728e-10
新建 Microsoft Excel 工作表.xlsx,0.02602,5.55894e-10
新建 Microsoft Excel 工作表.xlsx,0.02602,5.55894e-10
新建 Microsoft Excel 工作表.xlsx,0.02802,6.02686e-10
新建 Microsoft Excel 工作表.xlsx,0.02802,6.02686e-10
新建 Microsoft Excel 工作表.xlsx,0.03002,6.46152e-10
新建 Microsoft Excel 工作表.xlsx,0.03002,6.46152e-10
新建 Microsoft Excel 工作表.xlsx,0.03202,6.88401e-10
新建 Microsoft Excel 工作表.xlsx,0.03202,6.88401e-10
新建 Microsoft Excel 工作表.xlsx,0.03403,7.33055e-10
新建 Microsoft Excel 工作表.xlsx,0.03403,7.33055e-10
新建 Microsoft Excel 工作表.xlsx,0.03603,7.7561e-10
新建 Microsoft Excel 工作表.xlsx,0.03603,7.7561e-10
新建 Microsoft Excel 工作表.xlsx,0.03802,8.16414e-10
新建 Microsoft Excel 工作表.xlsx,0.03802,8.16414e-10
新建 Microsoft Excel 工作表.xlsx,0.04002,8.59408e-10
新建 Microsoft Excel 工作表.xlsx,0.04002,8.59408e-10
新建 Microsoft Excel 工作表.xlsx,0.04202,8.97804e-10
新建 Microsoft Excel 工作表.xlsx,0.04202,8.97804e-10
新建 Microsoft Excel 工作表.xlsx,0.04402,9.38892e-10
新建 Microsoft Excel 工作表.xlsx,0.04402,9.38892e-10
新建 Microsoft Excel 工作表.xlsx,0.04601,9.81977e-10
新建 Microsoft Excel 工作表.xlsx,0.04601,9.81977e-10
新建 Microsoft Excel 工作表.xlsx,0.04802,1.02616e-09
新建 Microsoft Excel 工作表.xlsx,0.04802,1.02616e-09
新建 Microsoft Excel 工作表.xlsx,0.05001,1.06675e-09
新建 Microsoft Excel 工作表.xlsx,0.05001,1.06675e-09
新建 Microsoft Excel 工作表.xlsx,0.05202,1.11101e-09
新建 Microsoft Excel 工作表.xlsx,0.05202,1.11101e-09
新建 Microsoft Excel 工作表.xlsx,0.05402,1.14943e-09
新建 Microsoft Excel 工作表.xlsx,0.05402,1.14943e-09
新建 Microsoft Excel 工作表.xlsx,0.05602,1.18521e-09
新建 Microsoft Excel 工作表.xlsx,0.05602,1.18521e-09
新建 Microsoft Excel 工作表.xlsx,0.05802,1.2295e-09
新建 Microsoft Excel 工作表.xlsx,0.05802,1.2295e-09
新建 Microsoft Excel 工作表.xlsx,0.06001,1.27161e-09
新建 Microsoft Excel 工作表.xlsx,0.06001,1.27161e-09
新建 Microsoft Excel 工作表.xlsx,0.06202,1.30963e-09
新建 Microsoft Excel 工作表.xlsx,0.06202,1.30963e-09
新建 Microsoft Excel 工作表.xlsx,0.06401,1.34889e-09
新建 Microsoft Excel 工作表.xlsx,0.06401,1.34889e-09
新建 Microsoft Excel 工作表.xlsx,0.06602,1.38424e-09
新建 Microsoft Excel 工作表.xlsx,0.06602,1.38424e-09
新建 Microsoft Excel 工作表.xlsx,0.06802,1.42791e-09
新建 Microsoft Excel 工作表.xlsx,0.06802,1.42791e-09
新建 Microsoft Excel 工作表.xlsx,0.07002,1.46236e-09
新建 Microsoft Excel 工作表.xlsx,0.07002,1.46236e-09
新建 Microsoft Excel 工作表.xlsx,0.07203,1.49374e-09
新建 Microsoft Excel 工作表.xlsx,0.07203,1.49374e-09
新建 Microsoft Excel 工作表.xlsx,0.07402,1.53871e-09
新建 Microsoft Excel 工作表.xlsx,0.07402,1.53871e-09
新建 Microsoft Excel 工作表.xlsx,0.07603,1.57408e-09
新建 Microsoft Excel 工作表.xlsx,0.07603,1.57408e-09
新建 Microsoft Excel 工作表.xlsx,0.07803,1.60792e-09
新建 Microsoft Excel 工作表.xlsx,0.07803,1.60792e-09
新建 Microsoft Excel 工作表.xlsx,0.08003,1.6428e-09
新建 Microsoft Excel 工作表.xlsx,0.08003,1.6428e-09
新建 Microsoft Excel 工作表.xlsx,0.08202,1.67976e-09
新建 Microsoft Excel 工作表.xlsx,0.08202,1.67976e-09
新建 Microsoft Excel 工作表.xlsx,0.08402,1.7097e-09
新建 Microsoft Excel 工作表.xlsx,0.08402,1.7097e-09
新建 Microsoft Excel 工作表.xlsx,0.08602,1.75036e-09
新建 Microsoft Excel 工作表.xlsx,0.08602,1.75036e-09
新建 Microsoft Excel 工作表.xlsx,0.08803,1.78246e-09
新建 Microsoft Excel 工作表.xlsx,0.08803,1.78246e-09
新建 Microsoft Excel 工作表.xlsx,0.09002,1.81951e-09
新建 Microsoft Excel 工作表.xlsx,0.09002,1.81951e-09
新建 Microsoft Excel 工作表.xlsx,0.09202,1.86206e-09
新建 Microsoft Excel 工作表.xlsx,0.09202,1.86206e-09
新建 Microsoft Excel 工作表.xlsx,0.09402,1.89748e-09
新建 Microsoft Excel 工作表.xlsx,0.09402,1.89748e-09
新建 Microsoft Excel 工作表.xlsx,0.09602,1.93224e-09
新建 Microsoft Excel 工作表.xlsx,0.09602,1.93224e-09
新建 Microsoft Excel 工作表.xlsx,0.09802,1.96526e-09
新建 Microsoft Excel 工作表.xlsx,0.09802,1.96526e-09
新建 Microsoft Excel 工作表.xlsx,0.10003,1.99652e-09
新建 Microsoft Excel 工作表.xlsx,0.10003,1.99652e-09
新建 Microsoft Excel 工作表.xlsx,0.10203,2.04494e-09
新建 Microsoft Excel 工作表.xlsx,0.10203,2.04494e-09
新建 Microsoft Excel 工作表.xlsx,0.10402,2.07546e-09
新建 Microsoft Excel 工作表.xlsx,0.10402,2.07546e-09
新建 Microsoft Excel 工作表.xlsx,0.10602,2.09581e-09
新建 Microsoft Excel 工作表.xlsx,0.10602,2.09581e-09
新建 Microsoft Excel 工作表.xlsx,0.10802,2.1265e-09
新建 Microsoft Excel 工作表.xlsx,0.10802,2.1265e-09
新建 Microsoft Excel 工作表.xlsx,0.11002,2.16279e-09
新建 Microsoft Excel 工作表.xlsx,0.11002,2.16279e-09
新建 Microsoft Excel 工作表.xlsx,0.11202,2.19006e-09
新建 Microsoft Excel 工作表.xlsx,0.11202,2.19006e-09
新建 Microsoft Excel 工作表.xlsx,0.11403,2.23561e-09
新建 Microsoft Excel 工作表.xlsx,0.11403,2.23561e-09
新建 Microsoft Excel 工作表.xlsx,0.11603,2.26111e-09
新建 Microsoft Excel 工作表.xlsx,0.11603,2.26111e-09
新建 Microsoft Excel 工作表.xlsx,0.11802,2.29079e-09
新建 Microsoft Excel 工作表.xlsx,0.11802,2.29079e-09
新建 Microsoft Excel 工作表.xlsx,0.12002,2.32416e-09
新建 Microsoft Excel 工作表.xlsx,0.12002,2.32416e-09
新建 Microsoft Excel 工作表.xlsx,0.12202,2.35469e-09
新建 Microsoft Excel 工作表.xlsx,0.12202,2.35469e-09
新建 Microsoft Excel 工作表.xlsx,0.12402,2.39178e-09
新建 Microsoft Excel 工作表.xlsx,0.12402,2.39178e-09
新建 Microsoft Excel 工作表.xlsx,0.12602,2.42392e-09
新建 Microsoft Excel 工作表.xlsx,0.12602,2.42392e-09
新建 Microsoft Excel 工作表.xlsx,0.12802,2.44838e-09
新建 Microsoft Excel 工作表.xlsx,0.12802,2.44838e-09
新建 Microsoft Excel 工作表.xlsx,0.13002,2.46978e-09
新建 Microsoft Excel 工作表.xlsx,0.13002,2.46978e-09
新建 Microsoft Excel 工作表.xlsx,0.13202,2.50375e-09
新建 Microsoft Excel 工作表.xlsx,0.13202,2.50375e-09
新建 Microsoft Excel 工作表.xlsx,0.13402,2.54039e-09
新建 Microsoft Excel 工作表.xlsx,0.13402,2.54039e-09
新建 Microsoft Excel 工作表.xlsx,0.13602,2.54514e-09
新建 Microsoft Excel 工作表.xlsx,0.13602,2.54514e-09
新建 Microsoft Excel 工作表.xlsx,0.13802,2.58717e-09
新建 Microsoft Excel 工作表.xlsx,0.13802,2.58717e-09
新建 Microsoft Excel 工作表.xlsx,0.14002,2.60866e-09
新建 Microsoft Excel 工作表.xlsx,0.14002,2.60866e-09
新建 Microsoft Excel 工作表.xlsx,0.14202,2.6396e-09
新建 Microsoft Excel 工作表.xlsx,0.14202,2.6396e-09
新建 Microsoft Excel 工作表.xlsx,0.14403,2.66521e-09
新建 Microsoft Excel 工作表.xlsx,0.14403,2.66521e-09
新建 Microsoft Excel 工作表.xlsx,0.14603,2.69462e-09
新建 Microsoft Excel 工作表.xlsx,0.14603,2.69462e-09
新建 Microsoft Excel 工作表.xlsx,0.14803,2.73397e-09
新建 Microsoft Excel 工作表.xlsx,0.14803,2.73397e-09
新建 Microsoft Excel 工作表.xlsx,0.15003,2.74233e-09
新建 Microsoft Excel 工作表.xlsx,0.15003,2.74233e-09
新建 Microsoft Excel 工作表.xlsx,0.15203,2.76957e-09
新建 Microsoft Excel 工作表.xlsx,0.15203,2.76957e-09
新建 Microsoft Excel 工作表.xlsx,0.15402,2.79633e-09
新建 Microsoft Excel 工作表.xlsx,0.15402,2.79633e-09
新建 Microsoft Excel 工作表.xlsx,0.15602,2.81337e-09
新建 Microsoft Excel 工作表.xlsx,0.15602,2.81337e-09
新建 Microsoft Excel 工作表.xlsx,0.15802,2.83271e-09
新建 Microsoft Excel 工作表.xlsx,0.15802,2.83271e-09
新建 Microsoft Excel 工作表.xlsx,0.16002,2.86085e-09
新建 Microsoft Excel 工作表.xlsx,0.16002,2.86085e-09
新建 Microsoft Excel 工作表.xlsx,0.16202,2.85944e-09
新建 Microsoft Excel 工作表.xlsx,0.16202,2.85944e-09
新建 Microsoft Excel 工作表.xlsx,0.16402,2.88102e-09
新建 Microsoft Excel 工作表.xlsx,0.16402,2.88102e-09
新建 Microsoft Excel 工作表.xlsx,0.16602,2.92094e-09
新建 Microsoft Excel 工作表.xlsx,0.16602,2.92094e-09
新建 Microsoft Excel 工作表.xlsx,0.16802,2.94546e-09
新建 Microsoft Excel 工作表.xlsx,0.16802,2.94546e-09
新建 Microsoft Excel 工作表.xlsx,0.17002,2.97227e-09
新建 Microsoft Excel 工作表.xlsx,0.17002,2.97227e-09
新建 Microsoft Excel 工作表.xlsx,0.17202,2.99883e-09
新建 Microsoft Excel 工作表.xlsx,0.17202,2.99883e-09
新建 Microsoft Excel 工作表.xlsx,0.17402,3.00713e-09
新建 Microsoft Excel 工作表.xlsx,0.17402,3.00713e-09
新建 Microsoft Excel 工作表.xlsx,0.17602,3.03685e-09
新建 Microsoft Excel 工作表.xlsx,0.17602,3.03685e-09
新建 Microsoft Excel 工作表.xlsx,0.17802,3.05364e-09
新建 Microsoft Excel 工作表.xlsx,0.17802,3.05364e-09
新建 Microsoft Excel 工作表.xlsx,0.18002,3.0648e-09
新建 Microsoft Excel 工作表.xlsx,0.18002,3.0648e-09
新建 Microsoft Excel 工作表.xlsx,0.18202,3.08537e-09
新建 Microsoft Excel 工作表.xlsx,0.18202,3.08537e-09
新建 Microsoft Excel 工作表.xlsx,0.18402,3.11353e-09
新建 Microsoft Excel 工作表.xlsx,0.18402,3.11353e-09
新建 Microsoft Excel 工作表.xlsx,0.18602,3.13243e-09
新建 Microsoft Excel 工作表.xlsx,0.18602,3.13243e-09
新建 Microsoft Excel 工作表.xlsx,0.18802,3.14162e-09
新建 Microsoft Excel 工作表.xlsx,0.18802,3.14162e-09
新建 Microsoft Excel 工作表.xlsx,0.19002,3.17331e-09
新建 Microsoft Excel 工作表.xlsx,0.19002,3.17331e-09
新建 Microsoft Excel 工作表.xlsx,0.19202,3.19083e-09
新建 Microsoft Excel 工作表.xlsx,0.19202,3.19083e-09
新建 Microsoft Excel 工作表.xlsx,0.19402,3.21892e-09
新建 Microsoft Excel 工作表.xlsx,0.19402,3.21892e-09
新建 Microsoft Excel 工作表.xlsx,0.19603,3.21566e-09
新建 Microsoft Excel 工作表.xlsx,0.19603,3.21566e-09
新建 Microsoft Excel 工作表.xlsx,0.19803,3.24318e-09
新建 Microsoft Excel 工作表.xlsx,0.19803,3.24318e-09
新建 Microsoft Excel 工作表.xlsx,0.20003,3.27869e-09
新建 Microsoft Excel 工作表.xlsx,0.20003,3.27869e-09
新建 Microsoft Excel 工作表.xlsx,0.20198,3.30079e-09
新建 Microsoft Excel 工作表.xlsx,0.20198,3.30079e-09
新建 Microsoft Excel 工作表.xlsx,0.20399,3.32189e-09
新建 Microsoft Excel 工作表.xlsx,0.20399,3.32189e-09
新建 Microsoft Excel 工作表.xlsx,0.20598,3.35151e-09
新建 Microsoft Excel 工作表.xlsx,0.20598,3.35151e-09
新建 Microsoft Excel 工作表.xlsx,0.20799,3.36141e-09
新建 Microsoft Excel 工作表.xlsx,0.20799,3.36141e-09
新建 Microsoft Excel 工作表.xlsx,0.20999,3.38758e-09
新建 Microsoft Excel 工作表.xlsx,0.20999,3.38758e-09
新建 Microsoft Excel 工作表.xlsx,0.21199,3.39278e-09
新建 Microsoft Excel 工作表.xlsx,0.21199,3.39278e-09
新建 Microsoft Excel 工作表.xlsx,0.21399,3.40176e-09
新建 Microsoft Excel 工作表.xlsx,0.21399,3.40176e-09
新建 Microsoft Excel 工作表.xlsx,0.21599,3.4204e-09
新建 Microsoft Excel 工作表.xlsx,0.21599,3.4204e-09
新建 Microsoft Excel 工作表.xlsx,0.218,3.43087e-09
新建 Microsoft Excel 工作表.xlsx,0.218,3.43087e-09
新建 Microsoft Excel 工作表.xlsx,0.22,3.43321e-09
新建 Microsoft Excel 工作表.xlsx,0.22,3.43321e-09
新建 Microsoft Excel 工作表.xlsx,0.22201,3.43411e-09
新建 Microsoft Excel 工作表.xlsx,0.22201,3.43411e-09
新建 Microsoft Excel 工作表.xlsx,0.22398,3.43899e-09
新建 Microsoft Excel 工作表.xlsx,0.22398,3.43899e-09
新建 Microsoft Excel 工作表.xlsx,0.22598,3.48515e-09
新建 Microsoft Excel 工作表.xlsx,0.22598,3.48515e-09
新建 Microsoft Excel 工作表.xlsx,0.22798,3.47509e-09
新建 Microsoft Excel 工作表.xlsx,0.22798,3.47509e-09
新建 Microsoft Excel 工作表.xlsx,0.22998,3.48319e-09
新建 Microsoft Excel 工作表.xlsx,0.22998,3.48319e-09
新建 Microsoft Excel 工作表.xlsx,0.23199,3.49389e-09
新建 Microsoft Excel 工作表.xlsx,0.23199,3.49389e-09
新建 Microsoft Excel 工作表.xlsx,0.23399,3.51194e-09
新建 Microsoft Excel 工作表.xlsx,0.23399,3.51194e-09
新建 Microsoft Excel 工作表.xlsx,0.23599,3.53634e-09
新建 Microsoft Excel 工作表.xlsx,0.23599,3.53634e-09
新建 Microsoft Excel 工作表.xlsx,0.238,3.55082e-09
新建 Microsoft Excel 工作表.xlsx,0.238,3.55082e-09
新建 Microsoft Excel 工作表.xlsx,0.24,3.56056e-09
新建 Microsoft Excel 工作表.xlsx,0.24,3.56056e-09
新建 Microsoft Excel 工作表.xlsx,0.24201,3.58141e-09
新建 Microsoft Excel 工作表.xlsx,0.24201,3.58141e-09
新建 Microsoft Excel 工作表.xlsx,0.24401,3.5822e-09
新建 Microsoft Excel 工作表.xlsx,0.24401,3.5822e-09
新建 Microsoft Excel 工作表.xlsx,0.24598,3.6151e-09
新建 Microsoft Excel 工作表.xlsx,0.24598,3.6151e-09
新建 Microsoft Excel 工作表.xlsx,0.24798,3.62161e-09
新建 Microsoft Excel 工作表.xlsx,0.24798,3.62161e-09
新建 Microsoft Excel 工作表.xlsx,0.24998,3.62825e-09
新建 Microsoft Excel 工作表.xlsx,0.24998,3.62825e-09
新建 Microsoft Excel 工作表.xlsx,0.24998,3.62461e-09
新建 Microsoft Excel 工作表.xlsx,0.24998,3.62461e-09
新建 Microsoft Excel 工作表.xlsx,0.24798,3.58117e-09
新建 Microsoft Excel 工作表.xlsx,0.24798,3.58117e-09
新建 Microsoft Excel 工作表.xlsx,0.24598,3.54805e-09
新建 Microsoft Excel 工作表.xlsx,0.24598,3.54805e-09
新建 Microsoft Excel 工作表.xlsx,0.24401,3.51556e-09
新建 Microsoft Excel 工作表.xlsx,0.24401,3.51556e-09
新建 Microsoft Excel 工作表.xlsx,0.242,3.49778e-09
新建 Microsoft Excel 工作表.xlsx,0.242,3.49778e-09
新建 Microsoft Excel 工作表.xlsx,0.23999,3.45498e-09
新建 Microsoft Excel 工作表.xlsx,0.23999,3.45498e-09
新建 Microsoft Excel 工作表.xlsx,0.23799,3.42231e-09
新建 Microsoft Excel 工作表.xlsx,0.23799,3.42231e-09
新建 Microsoft Excel 工作表.xlsx,0.23598,3.39116e-09
新建 Microsoft Excel 工作表.xlsx,0.23598,3.39116e-09
新建 Microsoft Excel 工作表.xlsx,0.23398,3.35919e-09
新建 Microsoft Excel 工作表.xlsx,0.23398,3.35919e-09
新建 Microsoft Excel 工作表.xlsx,0.23198,3.33576e-09
新建 Microsoft Excel 工作表.xlsx,0.23198,3.33576e-09
新建 Microsoft Excel 工作表.xlsx,0.22997,3.30321e-09
新建 Microsoft Excel 工作表.xlsx,0.22997,3.30321e-09
新建 Microsoft Excel 工作表.xlsx,0.22798,3.27548e-09
新建 Microsoft Excel 工作表.xlsx,0.22798,3.27548e-09
新建 Microsoft Excel 工作表.xlsx,0.22598,3.24947e-09
新建 Microsoft Excel 工作表.xlsx,0.22598,3.24947e-09
新建 Microsoft Excel 工作表.xlsx,0.22397,3.21878e-09
新建 Microsoft Excel 工作表.xlsx,0.22397,3.21878e-09
新建 Microsoft Excel 工作表.xlsx,0.222,3.1839e-09
新建 Microsoft Excel 工作表.xlsx,0.222,3.1839e-09
新建 Microsoft Excel 工作表.xlsx,0.22,3.17239e-09
新建 Microsoft Excel 工作表.xlsx,0.22,3.17239e-09
新建 Microsoft Excel 工作表.xlsx,0.218,3.14417e-09
新建 Microsoft Excel 工作表.xlsx,0.218,3.14417e-09
新建 Microsoft Excel 工作表.xlsx,0.216,3.12454e-09
新建 Microsoft Excel 工作表.xlsx,0.216,3.12454e-09
新建 Microsoft Excel 工作表.xlsx,0.214,3.09839e-09
新建 Microsoft Excel 工作表.xlsx,0.214,3.09839e-09
新建 Microsoft Excel 工作表.xlsx,0.21199,3.06651e-09
新建 Microsoft Excel 工作表.xlsx,0.21199,3.06651e-09
新建 Microsoft Excel 工作表.xlsx,0.20999,3.02948e-09
新建 Microsoft Excel 工作表.xlsx,0.20999,3.02948e-09
新建 Microsoft Excel 工作表.xlsx,0.20799,3.00931e-09
新建 Microsoft Excel 工作表.xlsx,0.20799,3.00931e-09
新建 Microsoft Excel 工作表.xlsx,0.20598,2.96722e-09
新建 Microsoft Excel 工作表.xlsx,0.20598,2.96722e-09
新建 Microsoft Excel 工作表.xlsx,0.20397,2.95532e-09
新建 Microsoft Excel 工作表.xlsx,0.20397,2.95532e-09
新建 Microsoft Excel 工作表.xlsx,0.20198,2.92503e-09
新建 Microsoft Excel 工作表.xlsx,0.20198,2.92503e-09
新建 Microsoft Excel 工作表.xlsx,0.20002,2.88734e-09
新建 Microsoft Excel 工作表.xlsx,0.20002,2.88734e-09
新建 Microsoft Excel 工作表.xlsx,0.19803,2.86666e-09
新建 Microsoft Excel 工作表.xlsx,0.19803,2.86666e-09
新建 Microsoft Excel 工作表.xlsx,0.19602,2.83709e-09
新建 Microsoft Excel 工作表.xlsx,0.19602,2.83709e-09
新建 Microsoft Excel 工作表.xlsx,0.19402,2.82102e-09
新建 Microsoft Excel 工作表.xlsx,0.19402,2.82102e-09
新建 Microsoft Excel 工作表.xlsx,0.19202,2.80196e-09
新建 Microsoft Excel 工作表.xlsx,0.19202,2.80196e-09
新建 Microsoft Excel 工作表.xlsx,0.19002,2.78857e-09
新建 Microsoft Excel 工作表.xlsx,0.19002,2.78857e-09
新建 Microsoft Excel 工作表.xlsx,0.18802,2.74079e-09
新建 Microsoft Excel 工作表.xlsx,0.18802,2.74079e-09
新建 Microsoft Excel 工作表.xlsx,0.18602,2.70965e-09
新建 Microsoft Excel 工作表.xlsx,0.18602,2.70965e-09
新建 Microsoft Excel 工作表.xlsx,0.18402,2.68292e-09
新建 Microsoft Excel 工作表.xlsx,0.18402,2.68292e-09
新建 Microsoft Excel 工作表.xlsx,0.18203,2.67624e-09
新建 Microsoft Excel 工作表.xlsx,0.18203,2.67624e-09
新建 Microsoft Excel 工作表.xlsx,0.18002,2.64119e-09
新建 Microsoft Excel 工作表.xlsx,0.18002,2.64119e-09
新建 Microsoft Excel 工作表.xlsx,0.17802,2.62745e-09
新建 Microsoft Excel 工作表.xlsx,0.17802,2.62745e-09
新建 Microsoft Excel 工作表.xlsx,0.17602,2.6001e-09
新建 Microsoft Excel 工作表.xlsx,0.17602,2.6001e-09
新建 Microsoft Excel 工作表.xlsx,0.17402,2.57611e-09
新建 Microsoft Excel 工作表.xlsx,0.17402,2.57611e-09
新建 Microsoft Excel 工作表.xlsx,0.17202,2.53259e-09
新建 Microsoft Excel 工作表.xlsx,0.17202,2.53259e-09
新建 Microsoft Excel 工作表.xlsx,0.17002,2.48832e-09
新建 Microsoft Excel 工作表.xlsx,0.17002,2.48832e-09
新建 Microsoft Excel 工作表.xlsx,0.16802,2.4525e-09
新建 Microsoft Excel 工作表.xlsx,0.16802,2.4525e-09
新建 Microsoft Excel 工作表.xlsx,0.16602,2.43465e-09
新建 Microsoft Excel 工作表.xlsx,0.16602,2.43465e-09
新建 Microsoft Excel 工作表.xlsx,0.16402,2.40308e-09
新建 Microsoft Excel 工作表.xlsx,0.16402,2.40308e-09
新建 Microsoft Excel 工作表.xlsx,0.16202,2.37781e-09
新建 Microsoft Excel 工作表.xlsx,0.16202,2.37781e-09
新建 Microsoft Excel 工作表.xlsx,0.16002,2.36151e-09
新建 Microsoft Excel 工作表.xlsx,0.16002,2.36151e-09
新建 Microsoft Excel 工作表.xlsx,0.15802,2.34396e-09
新建 Microsoft Excel 工作表.xlsx,0.15802,2.34396e-09
新建 Microsoft Excel 工作表.xlsx,0.15602,2.29482e-09
新建 Microsoft Excel 工作表.xlsx,0.15602,2.29482e-09
新建 Microsoft Excel 工作表.xlsx,0.15403,2.28792e-09
新建 Microsoft Excel 工作表.xlsx,0.15403,2.28792e-09
新建 Microsoft Excel 工作表.xlsx,0.15203,2.26921e-09
新建 Microsoft Excel 工作表.xlsx,0.15203,2.26921e-09
新建 Microsoft Excel 工作表.xlsx,0.15003,2.22384e-09
新建 Microsoft Excel 工作表.xlsx,0.15003,2.22384e-09
新建 Microsoft Excel 工作表.xlsx,0.14803,2.20995e-09
新建 Microsoft Excel 工作表.xlsx,0.14803,2.20995e-09
新建 Microsoft Excel 工作表.xlsx,0.14603,2.19878e-09
新建 Microsoft Excel 工作表.xlsx,0.14603,2.19878e-09
新建 Microsoft Excel 工作表.xlsx,0.14403,2.16716e-09
新建 Microsoft Excel 工作表.xlsx,0.14403,2.16716e-09
新建 Microsoft Excel 工作表.xlsx,0.14203,2.1536e-09
新建 Microsoft Excel 工作表.xlsx,0.14203,2.1536e-09
新建 Microsoft Excel 工作表.xlsx,0.14002,2.12477e-09
新建 Microsoft Excel 工作表.xlsx,0.14002,2.12477e-09
新建 Microsoft Excel 工作表.xlsx,0.13802,2.1019e-09
新建 Microsoft Excel 工作表.xlsx,0.13802,2.1019e-09
新建 Microsoft Excel 工作表.xlsx,0.13603,2.08108e-09
新建 Microsoft Excel 工作表.xlsx,0.13603,2.08108e-09
新建 Microsoft Excel 工作表.xlsx,0.13403,2.03515e-09
新建 Microsoft Excel 工作表.xlsx,0.13403,2.03515e-09
新建 Microsoft Excel 工作表.xlsx,0.13202,2.01218e-09
新建 Microsoft Excel 工作表.xlsx,0.13202,2.01218e-09
新建 Microsoft Excel 工作表.xlsx,0.13003,1.98083e-09
新建 Microsoft Excel 工作表.xlsx,0.13003,1.98083e-09
新建 Microsoft Excel 工作表.xlsx,0.12803,1.96513e-09
新建 Microsoft Excel 工作表.xlsx,0.12803,1.96513e-09
新建 Microsoft Excel 工作表.xlsx,0.12603,1.92997e-09
新建 Microsoft Excel 工作表.xlsx,0.12603,1.92997e-09
新建 Microsoft Excel 工作表.xlsx,0.12403,1.91297e-09
新建 Microsoft Excel 工作表.xlsx,0.12403,1.91297e-09
新建 Microsoft Excel 工作表.xlsx,0.12204,1.87394e-09
新建 Microsoft Excel 工作表.xlsx,0.12204,1.87394e-09
新建 Microsoft Excel 工作表.xlsx,0.12004,1.8554e-09
新建 Microsoft Excel 工作表.xlsx,0.12004,1.8554e-09
新建 Microsoft Excel 工作表.xlsx,0.11804,1.82859e-09
新建 Microsoft Excel 工作表.xlsx,0.11804,1.82859e-09
新建 Microsoft Excel 工作表.xlsx,0.11604,1.80628e-09
新建 Microsoft Excel 工作表.xlsx,0.11604,1.80628e-09
新建 Microsoft Excel 工作表.xlsx,0.11403,1.77177e-09
新建 Microsoft Excel 工作表.xlsx,0.11403,1.77177e-09
新建 Microsoft Excel 工作表.xlsx,0.11203,1.7496e-09
新建 Microsoft Excel 工作表.xlsx,0.11203,1.7496e-09
新建 Microsoft Excel 工作表.xlsx,0.11003,1.7315e-09
新建 Microsoft Excel 工作表.xlsx,0.11003,1.7315e-09
新建 Microsoft Excel 工作表.xlsx,0.10803,1.69715e-09
新建 Microsoft Excel 工作表.xlsx,0.10803,1.69715e-09
新建 Microsoft Excel 工作表.xlsx,0.10602,1.67729e-09
新建 Microsoft Excel 工作表.xlsx,0.10602,1.67729e-09
新建 Microsoft Excel 工作表.xlsx,0.10402,1.65759e-09
新建 Microsoft Excel 工作表.xlsx,0.10402,1.65759e-09
新建 Microsoft Excel 工作表.xlsx,0.10202,1.63079e-09
新建 Microsoft Excel 工作表.xlsx,0.10202,1.63079e-09
新建 Microsoft Excel 工作表.xlsx,0.10002,1.60247e-09
新建 Microsoft Excel 工作表.xlsx,0.10002,1.60247e-09
新建 Microsoft Excel 工作表.xlsx,0.09802,1.56644e-09
新建 Microsoft Excel 工作表.xlsx,0.09802,1.56644e-09
新建 Microsoft Excel 工作表.xlsx,0.09602,1.5325e-09
新建 Microsoft Excel 工作表.xlsx,0.09602,1.5325e-09
新建 Microsoft Excel 工作表.xlsx,0.09402,1.51062e-09
新建 Microsoft Excel 工作表.xlsx,0.09402,1.51062e-09
新建 Microsoft Excel 工作表.xlsx,0.09202,1.48683e-09
新建 Microsoft Excel 工作表.xlsx,0.09202,1.48683e-09
新建 Microsoft Excel 工作表.xlsx,0.09002,1.45054e-09
新建 Microsoft Excel 工作表.xlsx,0.09002,1.45054e-09
新建 Microsoft Excel 工作表.xlsx,0.08803,1.42647e-09
新建 Microsoft Excel 工作表.xlsx,0.08803,1.42647e-09
新建 Microsoft Excel 工作表.xlsx,0.08603,1.39433e-09
新建 Microsoft Excel 工作表.xlsx,0.08603,1.39433e-09
新建 Microsoft Excel 工作表.xlsx,0.08403,1.35641e-09
新建 Microsoft Excel 工作表.xlsx,0.08403,1.35641e-09
新建 Microsoft Excel 工作表.xlsx,0.08202,1.33528e-09
新建 Microsoft Excel 工作表.xlsx,0.08202,1.33528e-09
新建 Microsoft Excel 工作表.xlsx,0.08003,1.3043e-09
新建 Microsoft Excel 工作表.xlsx,0.08003,1.3043e-09
新建 Microsoft Excel 工作表.xlsx,0.07803,1.2753e-09
新建 Microsoft Excel 工作表.xlsx,0.07803,1.2753e-09
新建 Microsoft Excel 工作表.xlsx,0.07603,1.25225e-09
新建 Microsoft Excel 工作表.xlsx,0.07603,1.25225e-09
新建 Microsoft Excel 工作表.xlsx,0.07403,1.21853e-09
新建 Microsoft Excel 工作表.xlsx,0.07403,1.21853e-09
新建 Microsoft Excel 工作表.xlsx,0.07203,1.18859e-09
新建 Microsoft Excel 工作表.xlsx,0.07203,1.18859e-09
新建 Microsoft Excel 工作表.xlsx,0.07003,1.16586e-09
新建 Microsoft Excel 工作表.xlsx,0.07003,1.16586e-09
新建 Microsoft Excel 工作表.xlsx,0.06803,1.12925e-09
新建 Microsoft Excel 工作表.xlsx,0.06803,1.12925e-09
新建 Microsoft Excel 工作表.xlsx,0.06603,1.10214e-09
新建 Microsoft Excel 工作表.xlsx,0.06603,1.10214e-09
新建 Microsoft Excel 工作表.xlsx,0.06403,1.06841e-09
新建 Microsoft Excel 工作表.xlsx,0.06403,1.06841e-09
新建 Microsoft Excel 工作表.xlsx,0.06203,1.03272e-09
新建 Microsoft Excel 工作表.xlsx,0.06203,1.03272e-09
新建 Microsoft Excel 工作表.xlsx,0.06003,9.98925e-10
新建 Microsoft Excel 工作表.xlsx,0.06003,9.98925e-10
新建 Microsoft Excel 工作表.xlsx,0.05803,9.69305e-10
新建 Microsoft Excel 工作表.xlsx,0.05803,9.69305e-10
新建 Microsoft Excel 工作表.xlsx,0.05603,9.40675e-10
新建 Microsoft Excel 工作表.xlsx,0.05603,9.40675e-10
新建 Microsoft Excel 工作表.xlsx,0.05403,9.0558e-10
新建 Microsoft Excel 工作表.xlsx,0.05403,9.0558e-10
新建 Microsoft Excel 工作表.xlsx,0.05203,8.76492e-10
新建 Microsoft Excel 工作表.xlsx,0.05203,8.76492e-10
新建 Microsoft Excel 工作表.xlsx,0.05003,8.4622e-10
新建 Microsoft Excel 工作表.xlsx,0.05003,8.4622e-10
新建 Microsoft Excel 工作表.xlsx,0.04803,8.13539e-10
新建 Microsoft Excel 工作表.xlsx,0.04803,8.13539e-10
新建 Microsoft Excel 工作表.xlsx,0.04603,7.84566e-10
新建 Microsoft Excel 工作表.xlsx,0.04603,7.84566e-10
新建 Microsoft Excel 工作表.xlsx,0.04403,7.46944e-10
新建 Microsoft Excel 工作表.xlsx,0.04403,7.46944e-10
新建 Microsoft Excel 工作表.xlsx,0.04203,7.17398e-10
新建 Microsoft Excel 工作表.xlsx,0.04203,7.17398e-10
新建 Microsoft Excel 工作表.xlsx,0.04003,6.84569e-10
新建 Microsoft Excel 工作表.xlsx,0.04003,6.84569e-10
新建 Microsoft Excel 工作表.xlsx,0.03803,6.53124e-10
新建 Microsoft Excel 工作表.xlsx,0.03803,6.53124e-10
新建 Microsoft Excel 工作表.xlsx,0.03603,6.17771e-10
新建 Microsoft Excel 工作表.xlsx,0.03603,6.17771e-10
新建 Microsoft Excel 工作表.xlsx,0.03403,5.87027e-10
新建 Microsoft Excel 工作表.xlsx,0.03403,5.87027e-10
新建 Microsoft Excel 工作表.xlsx,0.03203,5.5199e-10
新建 Microsoft Excel 工作表.xlsx,0.03203,5.5199e-10
新建 Microsoft Excel 工作表.xlsx,0.03003,5.17536e-10
新建 Microsoft Excel 工作表.xlsx,0.03003,5.17536e-10
新建 Microsoft Excel 工作表.xlsx,0.02803,4.80632e-10
新建 Microsoft Excel 工作表.xlsx,0.02803,4.80632e-10
新建 Microsoft Excel 工作表.xlsx,0.02603,4.43828e-10
新建 Microsoft Excel 工作表.xlsx,0.02603,4.43828e-10
新建 Microsoft Excel 工作表.xlsx,0.02403,4.09311e-10
新建 Microsoft Excel 工作表.xlsx,0.02403,4.09311e-10
新建 Microsoft Excel 工作表.xlsx,0.02203,3.73749e-10
新建 Microsoft Excel 工作表.xlsx,0.02203,3.73749e-10
新建 Microsoft Excel 工作表.xlsx,0.02002,3.39894e-10
新建 Microsoft Excel 工作表.xlsx,0.02002,3.39894e-10
新建 Microsoft Excel 工作表.xlsx,0.01802,3.03538e-10
新建 Microsoft Excel 工作表.xlsx,0.01802,3.03538e-10
新建 Microsoft Excel 工作表.xlsx,0.01602,2.68686e-10
新建 Microsoft Excel 工作表.xlsx,0.01602,2.68686e-10
新建 Microsoft Excel 工作表.xlsx,0.01403,2.31651e-10
新建 Microsoft Excel 工作表.xlsx,0.01403,2.31651e-10
新建 Microsoft Excel 工作表.xlsx,0.01202,1.94554e-10
新建 Microsoft Excel 工作表.xlsx,0.01202,1.94554e-10
新建 Microsoft Excel 工作表.xlsx,0.01002,1.58613e-10
新建 Microsoft Excel 工作表.xlsx,0.01002,1.58613e-10
新建 Microsoft Excel 工作表.xlsx,0.00801,1.22414e-10
新建 Microsoft Excel 工作表.xlsx,0.00801,1.22414e-10
新建 Microsoft Excel 工作表.xlsx,0.00602,8.54492e-11
新建 Microsoft Excel 工作表.xlsx,0.00602,8.54492e-11
新建 Microsoft Excel 工作表.xlsx,0.00402,4.84991e-11
新建 Microsoft Excel 工作表.xlsx,0.00402,4.84991e-11
新建 Microsoft Excel 工作表.xlsx,0.00202,1.10626e-11
新建 Microsoft Excel 工作表.xlsx,0.00202,1.10626e-11
新建 Microsoft Excel 工作表.xlsx,1.94073e-05,-2.64239e-11
新建 Microsoft Excel 工作表.xlsx,1.94073e-05,-2.64239e-11
新建 Microsoft Excel 工作表.xlsx,-0.00198,-6.49858e-11
新建 Microsoft Excel 工作表.xlsx,-0.00198,-6.49858e-11
新建 Microsoft Excel 工作表.xlsx,-0.00398,-1.02804e-10
新建 Microsoft Excel 工作表.xlsx,-0.00398,-1.02804e-10
新建 Microsoft Excel 工作表.xlsx,-0.00598,-1.4122e-10
新建 Microsoft Excel 工作表.xlsx,-0.00598,-1.4122e-10
新建 Microsoft Excel 工作表.xlsx,-0.00798,-1.79942e-10
新建 Microsoft Excel 工作表.xlsx,-0.00798,-1.79942e-10
新建 Microsoft Excel 工作表.xlsx,-0.00998,-2.20269e-10
新建 Microsoft Excel 工作表.xlsx,-0.00998,-2.20269e-10
新建 Microsoft Excel 工作表.xlsx,-0.01198,-2.58528e-10
新建 Microsoft Excel 工作表.xlsx,-0.01198,-2.58528e-10
新建 Microsoft Excel 工作表.xlsx,-0.01398,-2.99045e-10
新建 Microsoft Excel 工作表.xlsx,-0.01398,-2.99045e-10
新建 Microsoft Excel 工作表.xlsx,-0.01599,-3.38494e-10
新建 Microsoft Excel 工作表.xlsx,-0.01599,-3.38494e-10
新建 Microsoft Excel 工作表.xlsx,-0.01799,-3.80408e-10
新建 Microsoft Excel 工作表.xlsx,-0.01799,-3.80408e-10
新建 Microsoft Excel 工作表.xlsx,-0.01999,-4.21113e-10
新建 Microsoft Excel 工作表.xlsx,-0.01999,-4.21113e-10
新建 Microsoft Excel 工作表.xlsx,-0.02199,-4.60446e-10
新建 Microsoft Excel 工作表.xlsx,-0.02199,-4.60446e-10
新建 Microsoft Excel 工作表.xlsx,-0.02399,-4.99434e-10
新建 Microsoft Excel 工作表.xlsx,-0.02399,-4.99434e-10
新建 Microsoft Excel 工作表.xlsx,-0.02598,-5.40409e-10
新建 Microsoft Excel 工作表.xlsx,-0.02598,-5.40409e-10
新建 Microsoft Excel 工作表.xlsx,-0.02798,-5.80515e-10
新建 Microsoft Excel 工作表.xlsx,-0.02798,-5.80515e-10
新建 Microsoft Excel 工作表.xlsx,-0.02999,-6.23752e-10
新建 Microsoft Excel 工作表.xlsx,-0.02999,-6.23752e-10
新建 Microsoft Excel 工作表.xlsx,-0.03199,-6.65133e-10
新建 Microsoft Excel 工作表.xlsx,-0.03199,-6.65133e-10
新建 Microsoft Excel 工作表.xlsx,-0.03399,-7.05838e-10
新建 Microsoft Excel 工作表.xlsx,-0.03399,-7.05838e-10
新建 Microsoft Excel 工作表.xlsx,-0.03599,-7.4973e-10
新建 Microsoft Excel 工作表.xlsx,-0.03599,-7.4973e-10
新建 Microsoft Excel 工作表.xlsx,-0.03799,-7.90206e-10
新建 Microsoft Excel 工作表.xlsx,-0.03799,-7.90206e-10
新建 Microsoft Excel 工作表.xlsx,-0.03999,-8.39139e-10
新建 Microsoft Excel 工作表.xlsx,-0.03999,-8.39139e-10
新建 Microsoft Excel 工作表.xlsx,-0.04199,-8.76986e-10
新建 Microsoft Excel 工作表.xlsx,-0.04199,-8.76986e-10
新建 Microsoft Excel 工作表.xlsx,-0.04399,-9.22552e-10
新建 Microsoft Excel 工作表.xlsx,-0.04399,-9.22552e-10
新建 Microsoft Excel 工作表.xlsx,-0.046,-9.63832e-10
新建 Microsoft Excel 工作表.xlsx,-0.046,-9.63832e-10
新建 Microsoft Excel 工作表.xlsx,-0.048,-1.01378e-09
新建 Microsoft Excel 工作表.xlsx,-0.048,-1.01378e-09
新建 Microsoft Excel 工作表.xlsx,-0.04999,-1.05596e-09
新建 Microsoft Excel 工作表.xlsx,-0.04999,-1.05596e-09
新建 Microsoft Excel 工作表.xlsx,-0.05199,-1.10738e-09
新建 Microsoft Excel 工作表.xlsx,-0.05199,-1.10738e-09
新建 Microsoft Excel 工作表.xlsx,-0.05399,-1.14798e-09
新建 Microsoft Excel 工作表.xlsx,-0.05399,-1.14798e-09
新建 Microsoft Excel 工作表.xlsx,-0.05599,-1.19338e-09
新建 Microsoft Excel 工作表.xlsx,-0.05599,-1.19338e-09
新建 Microsoft Excel 工作表.xlsx,-0.05799,-1.23977e-09
新建 Microsoft Excel 工作表.xlsx,-0.05799,-1.23977e-09
新建 Microsoft Excel 工作表.xlsx,-0.05999,-1.29141e-09
新建 Microsoft Excel 工作表.xlsx,-0.05999,-1.29141e-09
新建 Microsoft Excel 工作表.xlsx,-0.06199,-1.33509e-09
新建 Microsoft Excel 工作表.xlsx,-0.06199,-1.33509e-09
新建 Microsoft Excel 工作表.xlsx,-0.06399,-1.38552e-09
新建 Microsoft Excel 工作表.xlsx,-0.06399,-1.38552e-09
新建 Microsoft Excel 工作表.xlsx,-0.06599,-1.4307e-09
新建 Microsoft Excel 工作表.xlsx,-0.06599,-1.4307e-09
新建 Microsoft Excel 工作表.xlsx,-0.06799,-1.47943e-09
新建 Microsoft Excel 工作表.xlsx,-0.06799,-1.47943e-09
新建 Microsoft Excel 工作表.xlsx,-0.06999,-1.52842e-09
新建 Microsoft Excel 工作表.xlsx,-0.06999,-1.52842e-09
新建 Microsoft Excel 工作表.xlsx,-0.07199,-1.57283e-09
新建 Microsoft Excel 工作表.xlsx,-0.07199,-1.57283e-09
新建 Microsoft Excel 工作表.xlsx,-0.07399,-1.62892e-09
新建 Microsoft Excel 工作表.xlsx,-0.07399,-1.62892e-09
新建 Microsoft Excel 工作表.xlsx,-0.07599,-1.67162e-09
新建 Microsoft Excel 工作表.xlsx,-0.07599,-1.67162e-09
新建 Microsoft Excel 工作表.xlsx,-0.07799,-1.71812e-09
新建 Microsoft Excel 工作表.xlsx,-0.07799,-1.71812e-09
新建 Microsoft Excel 工作表.xlsx,-0.07999,-1.76691e-09
新建 Microsoft Excel 工作表.xlsx,-0.07999,-1.76691e-09
新建 Microsoft Excel 工作表.xlsx,-0.08199,-1.81473e-09
新建 Microsoft Excel 工作表.xlsx,-0.08199,-1.81473e-09
新建 Microsoft Excel 工作表.xlsx,-0.084,-1.86244e-09
新建 Microsoft Excel 工作表.xlsx,-0.084,-1.86244e-09
新建 Microsoft Excel 工作表.xlsx,-0.086,-1.91139e-09
新建 Microsoft Excel 工作表.xlsx,-0.086,-1.91139e-09
新建 Microsoft Excel 工作表.xlsx,-0.088,-1.9674e-09
新建 Microsoft Excel 工作表.xlsx,-0.088,-1.9674e-09
新建 Microsoft Excel 工作表.xlsx,-0.08999,-2.01785e-09
新建 Microsoft Excel 工作表.xlsx,-0.08999,-2.01785e-09
新建 Microsoft Excel 工作表.xlsx,-0.09199,-2.06418e-09
新建 Microsoft Excel 工作表.xlsx,-0.09199,-2.06418e-09
新建 Microsoft Excel 工作表.xlsx,-0.094,-2.11662e-09
新建 Microsoft Excel 工作表.xlsx,-0.094,-2.11662e-09
新建 Microsoft Excel 工作表.xlsx,-0.09599,-2.17072e-09
新建 Microsoft Excel 工作表.xlsx,-0.09599,-2.17072e-09
新建 Microsoft Excel 工作表.xlsx,-0.09799,-2.23219e-09
新建 Microsoft Excel 工作表.xlsx,-0.09799,-2.23219e-09
新建 Microsoft Excel 工作表.xlsx,-0.09999,-2.27496e-09
新建 Microsoft Excel 工作表.xlsx,-0.09999,-2.27496e-09
新建 Microsoft Excel 工作表.xlsx,-0.10199,-2.32126e-09
新建 Microsoft Excel 工作表.xlsx,-0.10199,-2.32126e-09
新建 Microsoft Excel 工作表.xlsx,-0.10399,-2.37453e-09
新建 Microsoft Excel 工作表.xlsx,-0.10399,-2.37453e-09
新建 Microsoft Excel 工作表.xlsx,-0.10599,-2.42858e-09
新建 Microsoft Excel 工作表.xlsx,-0.10599,-2.42858e-09
新建 Microsoft Excel 工作表.xlsx,-0.10799,-2.47956e-09
新建 Microsoft Excel 工作表.xlsx,-0.10799,-2.47956e-09
新建 Microsoft Excel 工作表.xlsx,-0.10999,-2.52709e-09
新建 Microsoft Excel 工作表.xlsx,-0.10999,-2.52709e-09
新建 Microsoft Excel 工作表.xlsx,-0.11199,-2.58644e-09
新建 Microsoft Excel 工作表.xlsx,-0.11199,-2.58644e-09
新建 Microsoft Excel 工作表.xlsx,-0.11399,-2.64181e-09
新建 Microsoft Excel 工作表.xlsx,-0.11399,-2.64181e-09
新建 Microsoft Excel 工作表.xlsx,-0.11599,-2.6896e-09
新建 Microsoft Excel 工作表.xlsx,-0.11599,-2.6896e-09
新建 Microsoft Excel 工作表.xlsx,-0.11799,-2.73194e-09
新建 Microsoft Excel 工作表.xlsx,-0.11799,-2.73194e-09
新建 Microsoft Excel 工作表.xlsx,-0.11999,-2.79891e-09
新建 Microsoft Excel 工作表.xlsx,-0.11999,-2.79891e-09
新建 Microsoft Excel 工作表.xlsx,-0.12198,-2.85203e-09
新建 Microsoft Excel 工作表.xlsx,-0.12198,-2.85203e-09
新建 Microsoft Excel 工作表.xlsx,-0.12398,-2.9015e-09
新建 Microsoft Excel 工作表.xlsx,-0.12398,-2.9015e-09
新建 Microsoft Excel 工作表.xlsx,-0.12598,-2.96288e-09
新建 Microsoft Excel 工作表.xlsx,-0.12598,-2.96288e-09
新建 Microsoft Excel 工作表.xlsx,-0.12798,-3.02438e-09
新建 Microsoft Excel 工作表.xlsx,-0.12798,-3.02438e-09
新建 Microsoft Excel 工作表.xlsx,-0.12999,-3.09133e-09
新建 Microsoft Excel 工作表.xlsx,-0.12999,-3.09133e-09
新建 Microsoft Excel 工作表.xlsx,-0.13199,-3.15287e-09
新建 Microsoft Excel 工作表.xlsx,-0.13199,-3.15287e-09
新建 Microsoft Excel 工作表.xlsx,-0.13398,-3.21365e-09
新建 Microsoft Excel 工作表.xlsx,-0.13398,-3.21365e-09
新建 Microsoft Excel 工作表.xlsx,-0.13599,-3.28633e-09
新建 Microsoft Excel 工作表.xlsx,-0.13599,-3.28633e-09
新建 Microsoft Excel 工作表.xlsx,-0.13799,-3.34994e-09
新建 Microsoft Excel 工作表.xlsx,-0.13799,-3.34994e-09
新建 Microsoft Excel 工作表.xlsx,-0.13999,-3.39585e-09
新建 Microsoft Excel 工作表.xlsx,-0.13999,-3.39585e-09
新建 Microsoft Excel 工作表.xlsx,-0.14199,-3.46596e-09
新建 Microsoft Excel 工作表.xlsx,-0.14199,-3.46596e-09
新建 Microsoft Excel 工作表.xlsx,-0.14399,-3.52104e-09
新建 Microsoft Excel 工作表.xlsx,-0.14399,-3.52104e-09
新建 Microsoft Excel 工作表.xlsx,-0.14599,-3.59452e-09
新建 Microsoft Excel 工作表.xlsx,-0.14599,-3.59452e-09
新建 Microsoft Excel 工作表.xlsx,-0.14799,-3.64441e-09
新建 Microsoft Excel 工作表.xlsx,-0.14799,-3.64441e-09
新建 Microsoft Excel 工作表.xlsx,-0.14999,-3.69672e-09
新建 Microsoft Excel 工作表.xlsx,-0.14999,-3.69672e-09
新建 Microsoft Excel 工作表.xlsx,-0.15199,-3.77516e-09
新建 Microsoft Excel 工作表.xlsx,-0.15199,-3.77516e-09
新建 Microsoft Excel 工作表.xlsx,-0.15399,-3.83686e-09
新建 Microsoft Excel 工作表.xlsx,-0.15399,-3.83686e-09
新建 Microsoft Excel 工作表.xlsx,-0.15599,-3.89123e-09
新建 Microsoft Excel 工作表.xlsx,-0.15599,-3.89123e-09
新建 Microsoft Excel 工作表.xlsx,-0.15799,-3.9554e-09
新建 Microsoft Excel 工作表.xlsx,-0.15799,-3.9554e-09
新建 Microsoft Excel 工作表.xlsx,-0.15998,-4.00982e-09
新建 Microsoft Excel 工作表.xlsx,-0.15998,-4.00982e-09
新建 Microsoft Excel 工作表.xlsx,-0.16198,-4.07018e-09
新建 Microsoft Excel 工作表.xlsx,-0.16198,-4.07018e-09
新建 Microsoft Excel 工作表.xlsx,-0.16398,-4.13847e-09
新建 Microsoft Excel 工作表.xlsx,-0.16398,-4.13847e-09
新建 Microsoft Excel 工作表.xlsx,-0.16598,-4.19815e-09
新建 Microsoft Excel 工作表.xlsx,-0.16598,-4.19815e-09
新建 Microsoft Excel 工作表.xlsx,-0.16798,-4.27123e-09
新建 Microsoft Excel 工作表.xlsx,-0.16798,-4.27123e-09
新建 Microsoft Excel 工作表.xlsx,-0.16998,-4.33896e-09
新建 Microsoft Excel 工作表.xlsx,-0.16998,-4.33896e-09
新建 Microsoft Excel 工作表.xlsx,-0.17199,-4.42058e-09
新建 Microsoft Excel 工作表.xlsx,-0.17199,-4.42058e-09
新建 Microsoft Excel 工作表.xlsx,-0.17399,-4.47966e-09
新建 Microsoft Excel 工作表.xlsx,-0.17399,-4.47966e-09
新建 Microsoft Excel 工作表.xlsx,-0.17598,-4.57078e-09
新建 Microsoft Excel 工作表.xlsx,-0.17598,-4.57078e-09
新建 Microsoft Excel 工作表.xlsx,-0.17798,-4.60259e-09
新建 Microsoft Excel 工作表.xlsx,-0.17798,-4.60259e-09
新建 Microsoft Excel 工作表.xlsx,-0.17998,-4.69248e-09
新建 Microsoft Excel 工作表.xlsx,-0.17998,-4.69248e-09
新建 Microsoft Excel 工作表.xlsx,-0.18198,-4.77587e-09
新建 Microsoft Excel 工作表.xlsx,-0.18198,-4.77587e-09
新建 Microsoft Excel 工作表.xlsx,-0.18398,-4.83903e-09
新建 Microsoft Excel 工作表.xlsx,-0.18398,-4.83903e-09
新建 Microsoft Excel 工作表.xlsx,-0.18598,-4.9189e-09
新建 Microsoft Excel 工作表.xlsx,-0.18598,-4.9189e-09
新建 Microsoft Excel 工作表.xlsx,-0.18798,-4.97688e-09
新建 Microsoft Excel 工作表.xlsx,-0.18798,-4.97688e-09
新建 Microsoft Excel 工作表.xlsx,-0.18998,-5.04732e-09
新建 Microsoft Excel 工作表.xlsx,-0.18998,-5.04732e-09
新建 Microsoft Excel 工作表.xlsx,-0.19198,-5.10727e-09
新建 Microsoft Excel 工作表.xlsx,-0.19198,-5.10727e-09
新建 Microsoft Excel 工作表.xlsx,-0.19398,-5.15688e-09
新建 Microsoft Excel 工作表.xlsx,-0.19398,-5.15688e-09
新建 Microsoft Excel 工作表.xlsx,-0.19598,-5.24338e-09
新建 Microsoft Excel 工作表.xlsx,-0.19598,-5.24338e-09
新建 Microsoft Excel 工作表.xlsx,-0.19798,-5.30744e-09
新建 Microsoft Excel 工作表.xlsx,-0.19798,-5.30744e-09
新建 Microsoft Excel 工作表.xlsx,-0.19998,-5.3777e-09
新建 Microsoft Excel 工作表.xlsx,-0.19998,-5.3777e-09
新建 Microsoft Excel 工作表.xlsx,-0.20199,-5.42915e-09
新建 Microsoft Excel 工作表.xlsx,-0.20199,-5.42915e-09
新建 Microsoft Excel 工作表.xlsx,-0.20396,-5.505e-09
新建 Microsoft Excel 工作表.xlsx,-0.20396,-5.505e-09
新建 Microsoft Excel 工作表.xlsx,-0.20596,-5.5884e-09
新建 Microsoft Excel 工作表.xlsx,-0.20596,-5.5884e-09
新建 Microsoft Excel 工作表.xlsx,-0.20796,-5.67542e-09
新建 Microsoft Excel 工作表.xlsx,-0.20796,-5.67542e-09
新建 Microsoft Excel 工作表.xlsx,-0.20996,-5.73843e-09
新建 Microsoft Excel 工作表.xlsx,-0.20996,-5.73843e-09
新建 Microsoft Excel 工作表.xlsx,-0.21197,-5.81577e-09
新建 Microsoft Excel 工作表.xlsx,-0.21197,-5.81577e-09
新建 Microsoft Excel 工作表.xlsx,-0.21397,-5.88149e-09
新建 Microsoft Excel 工作表.xlsx,-0.21397,-5.88149e-09
新建 Microsoft Excel 工作表.xlsx,-0.21598,-5.95585e-09
新建 Microsoft Excel 工作表.xlsx,-0.21598,-5.95585e-09
新建 Microsoft Excel 工作表.xlsx,-0.21797,-6.00481e-09
新建 Microsoft Excel 工作表.xlsx,-0.21797,-6.00481e-09
新建 Microsoft Excel 工作表.xlsx,-0.21998,-6.05444e-09
新建 Microsoft Excel 工作表.xlsx,-0.21998,-6.05444e-09
新建 Microsoft Excel 工作表.xlsx,-0.22199,-6.14204e-09
新建 Microsoft Excel 工作表.xlsx,-0.22199,-6.14204e-09
新建 Microsoft Excel 工作表.xlsx,-0.22399,-6.18909e-09
新建 Microsoft Excel 工作表.xlsx,-0.22399,-6.18909e-09
新建 Microsoft Excel 工作表.xlsx,-0.22596,-6.29667e-09
新建 Microsoft Excel 工作表.xlsx,-0.22596,-6.29667e-09
新建 Microsoft Excel 工作表.xlsx,-0.22796,-6.36308e-09
新建 Microsoft Excel 工作表.xlsx,-0.22796,-6.36308e-09
新建 Microsoft Excel 工作表.xlsx,-0.22997,-6.42795e-09
新建 Microsoft Excel 工作表.xlsx,-0.22997,-6.42795e-09
新建 Microsoft Excel 工作表.xlsx,-0.23196,-6.51132e-09
新建 Microsoft Excel 工作表.xlsx,-0.23196,-6.51132e-09
新建 Microsoft Excel 工作表.xlsx,-0.23397,-6.61021e-09
新建 Microsoft Excel 工作表.xlsx,-0.23397,-6.61021e-09
新建 Microsoft Excel 工作表.xlsx,-0.23597,-6.69137e-09
新建 Microsoft Excel 工作表.xlsx,-0.23597,-6.69137e-09
新建 Microsoft Excel 工作表.xlsx,-0.23797,-6.75988e-09
新建 Microsoft Excel 工作表.xlsx,-0.23797,-6.75988e-09
新建 Microsoft Excel 工作表.xlsx,-0.23998,-6.83142e-09
新建 Microsoft Excel 工作表.xlsx,-0.23998,-6.83142e-09
新建 Microsoft Excel 工作表.xlsx,-0.24199,-6.93772e-09
新建 Microsoft Excel 工作表.xlsx,-0.24199,-6.93772e-09
新建 Microsoft Excel 工作表.xlsx,-0.24399,-7.00408e-09
新建 Microsoft Excel 工作表.xlsx,-0.24399,-7.00408e-09
新建 Microsoft Excel 工作表.xlsx,-0.24599,-7.08849e-09
新建 Microsoft Excel 工作表.xlsx,-0.24599,-7.08849e-09
新建 Microsoft Excel 工作表.xlsx,-0.24796,-7.15028e-09
新建 Microsoft Excel 工作表.xlsx,-0.24796,-7.15028e-09
新建 Microsoft Excel 工作表.xlsx,-0.24996,-7.24318e-09
新建 Microsoft Excel 工作表.xlsx,-0.24996,-7.24318e-09
新建 Microsoft Excel 工作表.xlsx,-0.24996,-7.20414e-09
新建 Microsoft Excel 工作表.xlsx,-0.24996,-7.20414e-09
新建 Microsoft Excel 工作表.xlsx,-0.24795,-7.19239e-09
新建 Microsoft Excel 工作表.xlsx,-0.24795,-7.19239e-09
新建 Microsoft Excel 工作表.xlsx,-0.24599,-7.13456e-09
新建 Microsoft Excel 工作表.xlsx,-0.24599,-7.13456e-09
新建 Microsoft Excel 工作表.xlsx,-0.24399,-7.07542e-09
新建 Microsoft Excel 工作表.xlsx,-0.24399,-7.07542e-09
新建 Microsoft Excel 工作表.xlsx,-0.24199,-7.03601e-09
新建 Microsoft Excel 工作表.xlsx,-0.24199,-7.03601e-09
新建 Microsoft Excel 工作表.xlsx,-0.23998,-6.98192e-09
新建 Microsoft Excel 工作表.xlsx,-0.23998,-6.98192e-09
新建 Microsoft Excel 工作表.xlsx,-0.23797,-6.89886e-09
新建 Microsoft Excel 工作表.xlsx,-0.23797,-6.89886e-09
新建 Microsoft Excel 工作表.xlsx,-0.23597,-6.86216e-09
新建 Microsoft Excel 工作表.xlsx,-0.23597,-6.86216e-09
新建 Microsoft Excel 工作表.xlsx,-0.23397,-6.79603e-09
新建 Microsoft Excel 工作表.xlsx,-0.23397,-6.79603e-09
新建 Microsoft Excel 工作表.xlsx,-0.23197,-6.74377e-09
新建 Microsoft Excel 工作表.xlsx,-0.23197,-6.74377e-09
新建 Microsoft Excel 工作表.xlsx,-0.22996,-6.70359e-09
新建 Microsoft Excel 工作表.xlsx,-0.22996,-6.70359e-09
新建 Microsoft Excel 工作表.xlsx,-0.22796,-6.61476e-09
新建 Microsoft Excel 工作表.xlsx,-0.22796,-6.61476e-09
新建 Microsoft Excel 工作表.xlsx,-0.22595,-6.56689e-09
新建 Microsoft Excel 工作表.xlsx,-0.22595,-6.56689e-09
新建 Microsoft Excel 工作表.xlsx,-0.22399,-6.52612e-09
新建 Microsoft Excel 工作表.xlsx,-0.22399,-6.52612e-09
新建 Microsoft Excel 工作表.xlsx,-0.22199,-6.4451e-09
新建 Microsoft Excel 工作表.xlsx,-0.22199,-6.4451e-09
新建 Microsoft Excel 工作表.xlsx,-0.21998,-6.39992e-09
新建 Microsoft Excel 工作表.xlsx,-0.21998,-6.39992e-09
新建 Microsoft Excel 工作表.xlsx,-0.21798,-6.32574e-09
新建 Microsoft Excel 工作表.xlsx,-0.21798,-6.32574e-09
新建 Microsoft Excel 工作表.xlsx,-0.21598,-6.26135e-09
新建 Microsoft Excel 工作表.xlsx,-0.21598,-6.26135e-09
新建 Microsoft Excel 工作表.xlsx,-0.21397,-6.21837e-09
新建 Microsoft Excel 工作表.xlsx,-0.21397,-6.21837e-09
新建 Microsoft Excel 工作表.xlsx,-0.21197,-6.12889e-09
新建 Microsoft Excel 工作表.xlsx,-0.21197,-6.12889e-09
新建 Microsoft Excel 工作表.xlsx,-0.20997,-6.08536e-09
新建 Microsoft Excel 工作表.xlsx,-0.20997,-6.08536e-09
新建 Microsoft Excel 工作表.xlsx,-0.20797,-6.03785e-09
新建 Microsoft Excel 工作表.xlsx,-0.20797,-6.03785e-09
新建 Microsoft Excel 工作表.xlsx,-0.20597,-5.96455e-09
新建 Microsoft Excel 工作表.xlsx,-0.20597,-5.96455e-09
新建 Microsoft Excel 工作表.xlsx,-0.20396,-5.88929e-09
新建 Microsoft Excel 工作表.xlsx,-0.20396,-5.88929e-09
新建 Microsoft Excel 工作表.xlsx,-0.20199,-5.83942e-09
新建 Microsoft Excel 工作表.xlsx,-0.20199,-5.83942e-09
新建 Microsoft Excel 工作表.xlsx,-0.19998,-5.78179e-09
新建 Microsoft Excel 工作表.xlsx,-0.19998,-5.78179e-09
新建 Microsoft Excel 工作表.xlsx,-0.19799,-5.70972e-09
新建 Microsoft Excel 工作表.xlsx,-0.19799,-5.70972e-09
新建 Microsoft Excel 工作表.xlsx,-0.19599,-5.64027e-09
新建 Microsoft Excel 工作表.xlsx,-0.19599,-5.64027e-09
新建 Microsoft Excel 工作表.xlsx,-0.19399,-5.59785e-09
新建 Microsoft Excel 工作表.xlsx,-0.19399,-5.59785e-09
新建 Microsoft Excel 工作表.xlsx,-0.19198,-5.55103e-09
新建 Microsoft Excel 工作表.xlsx,-0.19198,-5.55103e-09
新建 Microsoft Excel 工作表.xlsx,-0.18999,-5.49002e-09
新建 Microsoft Excel 工作表.xlsx,-0.18999,-5.49002e-09
新建 Microsoft Excel 工作表.xlsx,-0.18799,-5.424e-09
新建 Microsoft Excel 工作表.xlsx,-0.18799,-5.424e-09
新建 Microsoft Excel 工作表.xlsx,-0.18599,-5.36945e-09
新建 Microsoft Excel 工作表.xlsx,-0.18599,-5.36945e-09
新建 Microsoft Excel 工作表.xlsx,-0.18399,-5.30807e-09
新建 Microsoft Excel 工作表.xlsx,-0.18399,-5.30807e-09
新建 Microsoft Excel 工作表.xlsx,-0.18199,-5.24193e-09
新建 Microsoft Excel 工作表.xlsx,-0.18199,-5.24193e-09
新建 Microsoft Excel 工作表.xlsx,-0.17999,-5.17853e-09
新建 Microsoft Excel 工作表.xlsx,-0.17999,-5.17853e-09
新建 Microsoft Excel 工作表.xlsx,-0.17799,-5.12796e-09
新建 Microsoft Excel 工作表.xlsx,-0.17799,-5.12796e-09
新建 Microsoft Excel 工作表.xlsx,-0.17599,-5.06197e-09
新建 Microsoft Excel 工作表.xlsx,-0.17599,-5.06197e-09
新建 Microsoft Excel 工作表.xlsx,-0.17399,-5.00497e-09
新建 Microsoft Excel 工作表.xlsx,-0.17399,-5.00497e-09
新建 Microsoft Excel 工作表.xlsx,-0.17199,-4.96095e-09
新建 Microsoft Excel 工作表.xlsx,-0.17199,-4.96095e-09
新建 Microsoft Excel 工作表.xlsx,-0.16999,-4.87744e-09
新建 Microsoft Excel 工作表.xlsx,-0.16999,-4.87744e-09
新建 Microsoft Excel 工作表.xlsx,-0.168,-4.81605e-09
新建 Microsoft Excel 工作表.xlsx,-0.168,-4.81605e-09
新建 Microsoft Excel 工作表.xlsx,-0.16599,-4.75426e-09
新建 Microsoft Excel 工作表.xlsx,-0.16599,-4.75426e-09
新建 Microsoft Excel 工作表.xlsx,-0.16399,-4.7112e-09
新建 Microsoft Excel 工作表.xlsx,-0.16399,-4.7112e-09
新建 Microsoft Excel 工作表.xlsx,-0.16199,-4.63801e-09
新建 Microsoft Excel 工作表.xlsx,-0.16199,-4.63801e-09
新建 Microsoft Excel 工作表.xlsx,-0.15999,-4.58748e-09
新建 Microsoft Excel 工作表.xlsx,-0.15999,-4.58748e-09
新建 Microsoft Excel 工作表.xlsx,-0.15799,-4.52361e-09
新建 Microsoft Excel 工作表.xlsx,-0.15799,-4.52361e-09
新建 Microsoft Excel 工作表.xlsx,-0.15599,-4.45391e-09
新建 Microsoft Excel 工作表.xlsx,-0.15599,-4.45391e-09
新建 Microsoft Excel 工作表.xlsx,-0.15399,-4.40747e-09
新建 Microsoft Excel 工作表.xlsx,-0.15399,-4.40747e-09
新建 Microsoft Excel 工作表.xlsx,-0.15199,-4.34181e-09
新建 Microsoft Excel 工作表.xlsx,-0.15199,-4.34181e-09
新建 Microsoft Excel 工作表.xlsx,-0.14999,-4.26572e-09
新建 Microsoft Excel 工作表.xlsx,-0.14999,-4.26572e-09
新建 Microsoft Excel 工作表.xlsx,-0.14799,-4.21599e-09
新建 Microsoft Excel 工作表.xlsx,-0.14799,-4.21599e-09
新建 Microsoft Excel 工作表.xlsx,-0.146,-4.14772e-09
新建 Microsoft Excel 工作表.xlsx,-0.146,-4.14772e-09
新建 Microsoft Excel 工作表.xlsx,-0.14399,-4.07437e-09
新建 Microsoft Excel 工作表.xlsx,-0.14399,-4.07437e-09
新建 Microsoft Excel 工作表.xlsx,-0.14199,-3.99819e-09
新建 Microsoft Excel 工作表.xlsx,-0.14199,-3.99819e-09
新建 Microsoft Excel 工作表.xlsx,-0.13999,-3.94906e-09
新建 Microsoft Excel 工作表.xlsx,-0.13999,-3.94906e-09
新建 Microsoft Excel 工作表.xlsx,-0.13799,-3.89893e-09
新建 Microsoft Excel 工作表.xlsx,-0.13799,-3.89893e-09
新建 Microsoft Excel 工作表.xlsx,-0.13599,-3.82637e-09
新建 Microsoft Excel 工作表.xlsx,-0.13599,-3.82637e-09
新建 Microsoft Excel 工作表.xlsx,-0.13399,-3.78239e-09
新建 Microsoft Excel 工作表.xlsx,-0.13399,-3.78239e-09
新建 Microsoft Excel 工作表.xlsx,-0.13199,-3.71401e-09
新建 Microsoft Excel 工作表.xlsx,-0.13199,-3.71401e-09
新建 Microsoft Excel 工作表.xlsx,-0.12999,-3.65427e-09
新建 Microsoft Excel 工作表.xlsx,-0.12999,-3.65427e-09
新建 Microsoft Excel 工作表.xlsx,-0.12799,-3.60019e-09
新建 Microsoft Excel 工作表.xlsx,-0.12799,-3.60019e-09
新建 Microsoft Excel 工作表.xlsx,-0.12599,-3.544e-09
新建 Microsoft Excel 工作表.xlsx,-0.12599,-3.544e-09
新建 Microsoft Excel 工作表.xlsx,-0.12399,-3.47716e-09
新建 Microsoft Excel 工作表.xlsx,-0.12399,-3.47716e-09
新建 Microsoft Excel 工作表.xlsx,-0.12199,-3.42375e-09
新建 Microsoft Excel 工作表.xlsx,-0.12199,-3.42375e-09
新建 Microsoft Excel 工作表.xlsx,-0.11999,-3.36509e-09
新建 Microsoft Excel 工作表.xlsx,-0.11999,-3.36509e-09
新建 Microsoft Excel 工作表.xlsx,-0.11799,-3.30601e-09
新建 Microsoft Excel 工作表.xlsx,-0.11799,-3.30601e-09
新建 Microsoft Excel 工作表.xlsx,-0.11599,-3.2462e-09
新建 Microsoft Excel 工作表.xlsx,-0.11599,-3.2462e-09
新建 Microsoft Excel 工作表.xlsx,-0.114,-3.18318e-09
新建 Microsoft Excel 工作表.xlsx,-0.114,-3.18318e-09
新建 Microsoft Excel 工作表.xlsx,-0.112,-3.12937e-09
新建 Microsoft Excel 工作表.xlsx,-0.112,-3.12937e-09
新建 Microsoft Excel 工作表.xlsx,-0.11,-3.07429e-09
新建 Microsoft Excel 工作表.xlsx,-0.11,-3.07429e-09
新建 Microsoft Excel 工作表.xlsx,-0.108,-3.01269e-09
新建 Microsoft Excel 工作表.xlsx,-0.108,-3.01269e-09
新建 Microsoft Excel 工作表.xlsx,-0.10599,-2.95544e-09
新建 Microsoft Excel 工作表.xlsx,-0.10599,-2.95544e-09
新建 Microsoft Excel 工作表.xlsx,-0.10399,-2.89649e-09
新建 Microsoft Excel 工作表.xlsx,-0.10399,-2.89649e-09
新建 Microsoft Excel 工作表.xlsx,-0.10199,-2.84249e-09
新建 Microsoft Excel 工作表.xlsx,-0.10199,-2.84249e-09
新建 Microsoft Excel 工作表.xlsx,-0.09999,-2.78207e-09
新建 Microsoft Excel 工作表.xlsx,-0.09999,-2.78207e-09
新建 Microsoft Excel 工作表.xlsx,-0.09799,-2.72157e-09
新建 Microsoft Excel 工作表.xlsx,-0.09799,-2.72157e-09
新建 Microsoft Excel 工作表.xlsx,-0.09598,-2.66432e-09
新建 Microsoft Excel 工作表.xlsx,-0.09598,-2.66432e-09
新建 Microsoft Excel 工作表.xlsx,-0.09398,-2.61258e-09
新建 Microsoft Excel 工作表.xlsx,-0.09398,-2.61258e-09
新建 Microsoft Excel 工作表.xlsx,-0.09198,-2.54795e-09
新建 Microsoft Excel 工作表.xlsx,-0.09198,-2.54795e-09
新建 Microsoft Excel 工作表.xlsx,-0.08998,-2.47379e-09
新建 Microsoft Excel 工作表.xlsx,-0.08998,-2.47379e-09
新建 Microsoft Excel 工作表.xlsx,-0.08798,-2.41642e-09
新建 Microsoft Excel 工作表.xlsx,-0.08798,-2.41642e-09
新建 Microsoft Excel 工作表.xlsx,-0.08598,-2.36864e-09
新建 Microsoft Excel 工作表.xlsx,-0.08598,-2.36864e-09
新建 Microsoft Excel 工作表.xlsx,-0.08398,-2.30111e-09
新建 Microsoft Excel 工作表.xlsx,-0.08398,-2.30111e-09
新建 Microsoft Excel 工作表.xlsx,-0.08198,-2.24739e-09
新建 Microsoft Excel 工作表.xlsx,-0.08198,-2.24739e-09
新建 Microsoft Excel 工作表.xlsx,-0.07999,-2.19091e-09
新建 Microsoft Excel 工作表.xlsx,-0.07999,-2.19091e-09
新建 Microsoft Excel 工作表.xlsx,-0.07799,-2.13261e-09
新建 Microsoft Excel 工作表.xlsx,-0.07799,-2.13261e-09
新建 Microsoft Excel 工作表.xlsx,-0.07599,-2.07324e-09
新建 Microsoft Excel 工作表.xlsx,-0.07599,-2.07324e-09
新建 Microsoft Excel 工作表.xlsx,-0.07399,-2.01586e-09
新建 Microsoft Excel 工作表.xlsx,-0.07399,-2.01586e-09
新建 Microsoft Excel 工作表.xlsx,-0.07198,-1.96538e-09
新建 Microsoft Excel 工作表.xlsx,-0.07198,-1.96538e-09
新建 Microsoft Excel 工作表.xlsx,-0.06998,-1.90426e-09
新建 Microsoft Excel 工作表.xlsx,-0.06998,-1.90426e-09
新建 Microsoft Excel 工作表.xlsx,-0.06798,-1.85428e-09
新建 Microsoft Excel 工作表.xlsx,-0.06798,-1.85428e-09
新建 Microsoft Excel 工作表.xlsx,-0.06598,-1.80489e-09
新建 Microsoft Excel 工作表.xlsx,-0.06598,-1.80489e-09
新建 Microsoft Excel 工作表.xlsx,-0.06398,-1.74657e-09
新建 Microsoft Excel 工作表.xlsx,-0.06398,-1.74657e-09
新建 Microsoft Excel 工作表.xlsx,-0.06198,-1.6878e-09
新建 Microsoft Excel 工作表.xlsx,-0.06198,-1.6878e-09
新建 Microsoft Excel 工作表.xlsx,-0.05998,-1.63309e-09
新建 Microsoft Excel 工作表.xlsx,-0.05998,-1.63309e-09
新建 Microsoft Excel 工作表.xlsx,-0.05799,-1.57241e-09
新建 Microsoft Excel 工作表.xlsx,-0.05799,-1.57241e-09
新建 Microsoft Excel 工作表.xlsx,-0.05598,-1.51764e-09
新建 Microsoft Excel 工作表.xlsx,-0.05598,-1.51764e-09
新建 Microsoft Excel 工作表.xlsx,-0.05398,-1.46026e-09
新建 Microsoft Excel 工作表.xlsx,-0.05398,-1.46026e-09
新建 Microsoft Excel 工作表.xlsx,-0.05199,-1.40786e-09
新建 Microsoft Excel 工作表.xlsx,-0.05199,-1.40786e-09
新建 Microsoft Excel 工作表.xlsx,-0.04999,-1.35043e-09
新建 Microsoft Excel 工作表.xlsx,-0.04999,-1.35043e-09
新建 Microsoft Excel 工作表.xlsx,-0.04799,-1.29582e-09
新建 Microsoft Excel 工作表.xlsx,-0.04799,-1.29582e-09
新建 Microsoft Excel 工作表.xlsx,-0.04598,-1.23875e-09
新建 Microsoft Excel 工作表.xlsx,-0.04598,-1.23875e-09
新建 Microsoft Excel 工作表.xlsx,-0.04398,-1.18359e-09
新建 Microsoft Excel 工作表.xlsx,-0.04398,-1.18359e-09
新建 Microsoft Excel 工作表.xlsx,-0.04199,-1.12818e-09
新建 Microsoft Excel 工作表.xlsx,-0.04199,-1.12818e-09
新建 Microsoft Excel 工作表.xlsx,-0.03999,-1.07552e-09
新建 Microsoft Excel 工作表.xlsx,-0.03999,-1.07552e-09
新建 Microsoft Excel 工作表.xlsx,-0.03799,-1.01893e-09
新建 Microsoft Excel 工作表.xlsx,-0.03799,-1.01893e-09
新建 Microsoft Excel 工作表.xlsx,-0.03599,-9.66283e-10
新建 Microsoft Excel 工作表.xlsx,-0.03599,-9.66283e-10
新建 Microsoft Excel 工作表.xlsx,-0.03399,-9.1074e-10
新建 Microsoft Excel 工作表.xlsx,-0.03399,-9.1074e-10
新建 Microsoft Excel 工作表.xlsx,-0.03199,-8.57916e-10
新建 Microsoft Excel 工作表.xlsx,-0.03199,-8.57916e-10
新建 Microsoft Excel 工作表.xlsx,-0.02999,-8.06179e-10
新建 Microsoft Excel 工作表.xlsx,-0.02999,-8.06179e-10
新建 Microsoft Excel 工作表.xlsx,-0.02799,-7.50968e-10
新建 Microsoft Excel 工作表.xlsx,-0.02799,-7.50968e-10
新建 Microsoft Excel 工作表.xlsx,-0.02599,-7.01343e-10
新建 Microsoft Excel 工作表.xlsx,-0.02599,-7.01343e-10
新建 Microsoft Excel 工作表.xlsx,-0.02399,-6.46675e-10
新建 Microsoft Excel 工作表.xlsx,-0.02399,-6.46675e-10
新建 Microsoft Excel 工作表.xlsx,-0.02199,-5.96645e-10
新建 Microsoft Excel 工作表.xlsx,-0.02199,-5.96645e-10
新建 Microsoft Excel 工作表.xlsx,-0.02,-5.43965e-10
新建 Microsoft Excel 工作表.xlsx,-0.02,-5.43965e-10
新建 Microsoft Excel 工作表.xlsx,-0.01799,-4.92364e-10
新建 Microsoft Excel 工作表.xlsx,-0.01799,-4.92364e-10
新建 Microsoft Excel 工作表.xlsx,-0.01599,-4.40024e-10
新建 Microsoft Excel 工作表.xlsx,-0.01599,-4.40024e-10
新建 Microsoft Excel 工作表.xlsx,-0.01398,-3.87372e-10
新建 Microsoft Excel 工作表.xlsx,-0.01398,-3.87372e-10
新建 Microsoft Excel 工作表.xlsx,-0.01198,-3.33954e-10
新建 Microsoft Excel 工作表.xlsx,-0.01198,-3.33954e-10
新建 Microsoft Excel 工作表.xlsx,-0.00998,-2.85078e-10
新建 Microsoft Excel 工作表.xlsx,-0.00998,-2.85078e-10
新建 Microsoft Excel 工作表.xlsx,-0.00798,-2.34151e-10
新建 Microsoft Excel 工作表.xlsx,-0.00798,-2.34151e-10
新建 Microsoft Excel 工作表.xlsx,-0.00598,-1.83045e-10
新建 Microsoft Excel 工作表.xlsx,-0.00598,-1.83045e-10
新建 Microsoft Excel 工作表.xlsx,-0.00398,-1.31538e-10
新建 Microsoft Excel 工作表.xlsx,-0.00398,-1.31538e-10
新建 Microsoft Excel 工作表.xlsx,-0.00198,-8.13365e-11
新建 Microsoft Excel 工作表.xlsx,-0.00198,-8.13365e-11
新建 Microsoft Excel 工作表.xlsx,3.53575e-05,-3.05951e-11
新建 Microsoft Excel 工作表 (2).xlsx,0.00502,8.49688e-11
新建 Microsoft Excel 工作表 (2).xlsx,0.01002,1.96978e-10
新建 Microsoft Excel 工作表 (2).xlsx,0.01002,1.96978e-10
新建 Microsoft Excel 工作表 (2).xlsx,0.01502,3.07331e-10
新建 Microsoft Excel 工作表 (2).xlsx,0.01502,3.07331e-10
新建 Microsoft Excel 工作表 (2).xlsx,0.02002,4.17615e-10
新建 Microsoft Excel 工作表 (2).xlsx,0.02002,4.17615e-10
新建 Microsoft Excel 工作表 (2).xlsx,0.02503,5.26201e-10
新建 Microsoft Excel 工作表 (2).xlsx,0.02503,5.26201e-10
新建 Microsoft Excel 工作表 (2).xlsx,0.03003,6.33948e-10
新建 Microsoft Excel 工作表 (2).xlsx,0.03003,6.33948e-10
新建 Microsoft Excel 工作表 (2).xlsx,0.03503,7.38214e-10
新建 Microsoft Excel 工作表 (2).xlsx,0.03503,7.38214e-10
新建 Microsoft Excel 工作表 (2).xlsx,0.04003,8.42097e-10
新建 Microsoft Excel 工作表 (2).xlsx,0.04003,8.42097e-10
新建 Microsoft Excel 工作表 (2).xlsx,0.04502,9.44958e-10
新建 Microsoft Excel 工作表 (2).xlsx,0.04502,9.44958e-10
新建 Microsoft Excel 工作表 (2).xlsx,0.05002,1.04908e-09
新建 Microsoft Excel 工作表 (2).xlsx,0.05002,1.04908e-09
新建 Microsoft Excel 工作表 (2).xlsx,0.05502,1.14754e-09
新建 Microsoft Excel 工作表 (2).xlsx,0.05502,1.14754e-09
新建 Microsoft Excel 工作表 (2).xlsx,0.06003,1.24522e-09
新建 Microsoft Excel 工作表 (2).xlsx,0.06003,1.24522e-09
新建 Microsoft Excel 工作表 (2).xlsx,0.06502,1.3488e-09
新建 Microsoft Excel 工作表 (2).xlsx,0.06502,1.3488e-09
新建 Microsoft Excel 工作表 (2).xlsx,0.07003,1.44551e-09
新建 Microsoft Excel 工作表 (2).xlsx,0.07003,1.44551e-09
新建 Microsoft Excel 工作表 (2).xlsx,0.07502,1.54435e-09
新建 Microsoft Excel 工作表 (2).xlsx,0.07502,1.54435e-09
新建 Microsoft Excel 工作表 (2).xlsx,0.08003,1.63851e-09
新建 Microsoft Excel 工作表 (2).xlsx,0.08003,1.63851e-09
新建 Microsoft Excel 工作表 (2).xlsx,0.08502,1.73588e-09
新建 Microsoft Excel 工作表 (2).xlsx,0.08502,1.73588e-09
新建 Microsoft Excel 工作表 (2).xlsx,0.09002,1.81298e-09
新建 Microsoft Excel 工作表 (2).xlsx,0.09002,1.81298e-09
新建 Microsoft Excel 工作表 (2).xlsx,0.09503,1.90954e-09
新建 Microsoft Excel 工作表 (2).xlsx,0.09503,1.90954e-09
新建 Microsoft Excel 工作表 (2).xlsx,0.10003,1.99055e-09
新建 Microsoft Excel 工作表 (2).xlsx,0.10003,1.99055e-09
新建 Microsoft Excel 工作表 (2).xlsx,0.10502,2.08031e-09
新建 Microsoft Excel 工作表 (2).xlsx,0.10502,2.08031e-09
新建 Microsoft Excel 工作表 (2).xlsx,0.11002,2.15887e-09
新建 Microsoft Excel 工作表 (2).xlsx,0.11002,2.15887e-09
新建 Microsoft Excel 工作表 (2).xlsx,0.11503,2.24365e-09
新建 Microsoft Excel 工作表 (2).xlsx,0.11503,2.24365e-09
新建 Microsoft Excel 工作表 (2).xlsx,0.12003,2.32741e-09
新建 Microsoft Excel 工作表 (2).xlsx,0.12003,2.32741e-09
新建 Microsoft Excel 工作表 (2).xlsx,0.12502,2.411e-09
新建 Microsoft Excel 工作表 (2).xlsx,0.12502,2.411e-09
新建 Microsoft Excel 工作表 (2).xlsx,0.13002,2.49771e-09
新建 Microsoft Excel 工作表 (2).xlsx,0.13002,2.49771e-09
新建 Microsoft Excel 工作表 (2).xlsx,0.13503,2.57295e-09
新建 Microsoft Excel 工作表 (2).xlsx,0.13503,2.57295e-09
新建 Microsoft Excel 工作表 (2).xlsx,0.14002,2.65443e-09
新建 Microsoft Excel 工作表 (2).xlsx,0.14002,2.65443e-09
新建 Microsoft Excel 工作表 (2).xlsx,0.14502,2.72714e-09
新建 Microsoft Excel 工作表 (2).xlsx,0.14502,2.72714e-09
新建 Microsoft Excel 工作表 (2).xlsx,0.15002,2.80156e-09
新建 Microsoft Excel 工作表 (2).xlsx,0.15002,2.80156e-09
新建 Microsoft Excel 工作表 (2).xlsx,0.15502,2.86607e-09
新建 Microsoft Excel 工作表 (2).xlsx,0.15502,2.86607e-09
新建 Microsoft Excel 工作表 (2).xlsx,0.16002,2.93624e-09
新建 Microsoft Excel 工作表 (2).xlsx,0.16002,2.93624e-09
新建 Microsoft Excel 工作表 (2).xlsx,0.16502,3.01034e-09
新建 Microsoft Excel 工作表 (2).xlsx,0.16502,3.01034e-09
新建 Microsoft Excel 工作表 (2).xlsx,0.17002,3.08084e-09
新建 Microsoft Excel 工作表 (2).xlsx,0.17002,3.08084e-09
新建 Microsoft Excel 工作表 (2).xlsx,0.17502,3.15282e-09
新建 Microsoft Excel 工作表 (2).xlsx,0.17502,3.15282e-09
新建 Microsoft Excel 工作表 (2).xlsx,0.18002,3.19439e-09
新建 Microsoft Excel 工作表 (2).xlsx,0.18002,3.19439e-09
新建 Microsoft Excel 工作表 (2).xlsx,0.18502,3.26275e-09
新建 Microsoft Excel 工作表 (2).xlsx,0.18502,3.26275e-09
新建 Microsoft Excel 工作表 (2).xlsx,0.19002,3.31322e-09
新建 Microsoft Excel 工作表 (2).xlsx,0.19002,3.31322e-09
新建 Microsoft Excel 工作表 (2).xlsx,0.19502,3.37503e-09
新建 Microsoft Excel 工作表 (2).xlsx,0.19502,3.37503e-09
新建 Microsoft Excel 工作表 (2).xlsx,0.20003,3.42402e-09
新建 Microsoft Excel 工作表 (2).xlsx,0.20003,3.42402e-09
新建 Microsoft Excel 工作表 (2).xlsx,0.20499,3.47047e-09
新建 Microsoft Excel 工作表 (2).xlsx,0.20499,3.47047e-09
新建 Microsoft Excel 工作表 (2).xlsx,0.21,3.53344e-09
新建 Microsoft Excel 工作表 (2).xlsx,0.21,3.53344e-09
新建 Microsoft Excel 工作表 (2).xlsx,0.215,3.5804e-09
新建 Microsoft Excel 工作表 (2).xlsx,0.215,3.5804e-09
新建 Microsoft Excel 工作表 (2).xlsx,0.22002,3.64206e-09
新建 Microsoft Excel 工作表 (2).xlsx,0.22002,3.64206e-09
新建 Microsoft Excel 工作表 (2).xlsx,0.22499,3.68211e-09
新建 Microsoft Excel 工作表 (2).xlsx,0.22499,3.68211e-09
新建 Microsoft Excel 工作表 (2).xlsx,0.22999,3.73663e-09
新建 Microsoft Excel 工作表 (2).xlsx,0.22999,3.73663e-09
新建 Microsoft Excel 工作表 (2).xlsx,0.235,3.77586e-09
新建 Microsoft Excel 工作表 (2).xlsx,0.235,3.77586e-09
新建 Microsoft Excel 工作表 (2).xlsx,0.24002,3.80096e-09
新建 Microsoft Excel 工作表 (2).xlsx,0.24002,3.80096e-09
新建 Microsoft Excel 工作表 (2).xlsx,0.24499,3.84718e-09
新建 Microsoft Excel 工作表 (2).xlsx,0.24499,3.84718e-09
新建 Microsoft Excel 工作表 (2).xlsx,0.24999,3.88847e-09
新建 Microsoft Excel 工作表 (2).xlsx,0.24999,3.88847e-09
新建 Microsoft Excel 工作表 (2).xlsx,0.24999,3.86397e-09
新建 Microsoft Excel 工作表 (2).xlsx,0.24999,3.86397e-09
新建 Microsoft Excel 工作表 (2).xlsx,0.24498,3.77313e-09
新建 Microsoft Excel 工作表 (2).xlsx,0.24498,3.77313e-09
新建 Microsoft Excel 工作表 (2).xlsx,0.24001,3.69167e-09
新建 Microsoft Excel 工作表 (2).xlsx,0.24001,3.69167e-09
新建 Microsoft Excel 工作表 (2).xlsx,0.23499,3.59559e-09
新建 Microsoft Excel 工作表 (2).xlsx,0.23499,3.59559e-09
新建 Microsoft Excel 工作表 (2).xlsx,0.22998,3.49765e-09
新建 Microsoft Excel 工作表 (2).xlsx,0.22998,3.49765e-09
新建 Microsoft Excel 工作表 (2).xlsx,0.22498,3.41897e-09
新建 Microsoft Excel 工作表 (2).xlsx,0.22498,3.41897e-09
新建 Microsoft Excel 工作表 (2).xlsx,0.22001,3.34637e-09
新建 Microsoft Excel 工作表 (2).xlsx,0.22001,3.34637e-09
新建 Microsoft Excel 工作表 (2).xlsx,0.215,3.27354e-09
新建 Microsoft Excel 工作表 (2).xlsx,0.215,3.27354e-09
新建 Microsoft Excel 工作表 (2).xlsx,0.20999,3.17484e-09
新建 Microsoft Excel 工作表 (2).xlsx,0.20999,3.17484e-09
新建 Microsoft Excel 工作表 (2).xlsx,0.20499,3.12096e-09
新建 Microsoft Excel 工作表 (2).xlsx,0.20499,3.12096e-09
新建 Microsoft Excel 工作表 (2).xlsx,0.20002,3.02441e-09
新建 Microsoft Excel 工作表 (2).xlsx,0.20002,3.02441e-09
新建 Microsoft Excel 工作表 (2).xlsx,0.19502,2.95598e-09
新建 Microsoft Excel 工作表 (2).xlsx,0.19502,2.95598e-09
新建 Microsoft Excel 工作表 (2).xlsx,0.19002,2.89969e-09
新建 Microsoft Excel 工作表 (2).xlsx,0.19002,2.89969e-09
新建 Microsoft Excel 工作表 (2).xlsx,0.18502,2.81608e-09
新建 Microsoft Excel 工作表 (2).xlsx,0.18502,2.81608e-09
新建 Microsoft Excel 工作表 (2).xlsx,0.18002,2.74995e-09
新建 Microsoft Excel 工作表 (2).xlsx,0.18002,2.74995e-09
新建 Microsoft Excel 工作表 (2).xlsx,0.17502,2.69937e-09
新建 Microsoft Excel 工作表 (2).xlsx,0.17502,2.69937e-09
新建 Microsoft Excel 工作表 (2).xlsx,0.17002,2.60875e-09
新建 Microsoft Excel 工作表 (2).xlsx,0.17002,2.60875e-09
新建 Microsoft Excel 工作表 (2).xlsx,0.16503,2.55753e-09
新建 Microsoft Excel 工作表 (2).xlsx,0.16503,2.55753e-09
新建 Microsoft Excel 工作表 (2).xlsx,0.16003,2.48291e-09
新建 Microsoft Excel 工作表 (2).xlsx,0.16003,2.48291e-09
新建 Microsoft Excel 工作表 (2).xlsx,0.15502,2.40637e-09
新建 Microsoft Excel 工作表 (2).xlsx,0.15502,2.40637e-09
新建 Microsoft Excel 工作表 (2).xlsx,0.15003,2.33001e-09
新建 Microsoft Excel 工作表 (2).xlsx,0.15003,2.33001e-09
新建 Microsoft Excel 工作表 (2).xlsx,0.14502,2.2478e-09
新建 Microsoft Excel 工作表 (2).xlsx,0.14502,2.2478e-09
新建 Microsoft Excel 工作表 (2).xlsx,0.14003,2.18195e-09
新建 Microsoft Excel 工作表 (2).xlsx,0.14003,2.18195e-09
新建 Microsoft Excel 工作表 (2).xlsx,0.13502,2.11724e-09
新建 Microsoft Excel 工作表 (2).xlsx,0.13502,2.11724e-09
新建 Microsoft Excel 工作表 (2).xlsx,0.13002,2.04367e-09
新建 Microsoft Excel 工作表 (2).xlsx,0.13002,2.04367e-09
新建 Microsoft Excel 工作表 (2).xlsx,0.12503,1.96805e-09
新建 Microsoft Excel 工作表 (2).xlsx,0.12503,1.96805e-09
新建 Microsoft Excel 工作表 (2).xlsx,0.12003,1.90487e-09
新建 Microsoft Excel 工作表 (2).xlsx,0.12003,1.90487e-09
新建 Microsoft Excel 工作表 (2).xlsx,0.11503,1.83645e-09
新建 Microsoft Excel 工作表 (2).xlsx,0.11503,1.83645e-09
新建 Microsoft Excel 工作表 (2).xlsx,0.11003,1.76128e-09
新建 Microsoft Excel 工作表 (2).xlsx,0.11003,1.76128e-09
新建 Microsoft Excel 工作表 (2).xlsx,0.10503,1.7047e-09
新建 Microsoft Excel 工作表 (2).xlsx,0.10503,1.7047e-09
新建 Microsoft Excel 工作表 (2).xlsx,0.10003,1.61415e-09
新建 Microsoft Excel 工作表 (2).xlsx,0.10003,1.61415e-09
新建 Microsoft Excel 工作表 (2).xlsx,0.09504,1.53802e-09
新建 Microsoft Excel 工作表 (2).xlsx,0.09504,1.53802e-09
新建 Microsoft Excel 工作表 (2).xlsx,0.09003,1.47257e-09
新建 Microsoft Excel 工作表 (2).xlsx,0.09003,1.47257e-09
新建 Microsoft Excel 工作表 (2).xlsx,0.08503,1.39421e-09
新建 Microsoft Excel 工作表 (2).xlsx,0.08503,1.39421e-09
新建 Microsoft Excel 工作表 (2).xlsx,0.08003,1.32594e-09
新建 Microsoft Excel 工作表 (2).xlsx,0.08003,1.32594e-09
新建 Microsoft Excel 工作表 (2).xlsx,0.07502,1.23911e-09
新建 Microsoft Excel 工作表 (2).xlsx,0.07502,1.23911e-09
新建 Microsoft Excel 工作表 (2).xlsx,0.07003,1.16528e-09
新建 Microsoft Excel 工作表 (2).xlsx,0.07003,1.16528e-09
新建 Microsoft Excel 工作表 (2).xlsx,0.06503,1.08668e-09
新建 Microsoft Excel 工作表 (2).xlsx,0.06503,1.08668e-09
新建 Microsoft Excel 工作表 (2).xlsx,0.06003,1.01013e-09
新建 Microsoft Excel 工作表 (2).xlsx,0.06003,1.01013e-09
新建 Microsoft Excel 工作表 (2).xlsx,0.05503,9.25992e-10
新建 Microsoft Excel 工作表 (2).xlsx,0.05503,9.25992e-10
新建 Microsoft Excel 工作表 (2).xlsx,0.05003,8.45847e-10
新建 Microsoft Excel 工作表 (2).xlsx,0.05003,8.45847e-10
新建 Microsoft Excel 工作表 (2).xlsx,0.04503,7.63253e-10
新建 Microsoft Excel 工作表 (2).xlsx,0.04503,7.63253e-10
新建 Microsoft Excel 工作表 (2).xlsx,0.04003,6.76854e-10
新建 Microsoft Excel 工作表 (2).xlsx,0.04003,6.76854e-10
新建 Microsoft Excel 工作表 (2).xlsx,0.03503,5.95354e-10
新建 Microsoft Excel 工作表 (2).xlsx,0.03503,5.95354e-10
新建 Microsoft Excel 工作表 (2).xlsx,0.03002,5.09959e-10
新建 Microsoft Excel 工作表 (2).xlsx,0.03002,5.09959e-10
新建 Microsoft Excel 工作表 (2).xlsx,0.02502,4.22602e-10
新建 Microsoft Excel 工作表 (2).xlsx,0.02502,4.22602e-10
新建 Microsoft Excel 工作表 (2).xlsx,0.02003,3.35474e-10
新建 Microsoft Excel 工作表 (2).xlsx,0.02003,3.35474e-10
新建 Microsoft Excel 工作表 (2).xlsx,0.01503,2.45813e-10
新建 Microsoft Excel 工作表 (2).xlsx,0.01503,2.45813e-10
新建 Microsoft Excel 工作表 (2).xlsx,0.01003,1.5672e-10
新建 Microsoft Excel 工作表 (2).xlsx,0.01003,1.5672e-10
新建 Microsoft Excel 工作表 (2).xlsx,0.00503,6.48057e-11
新建 Microsoft Excel 工作表 (2).xlsx,0.00503,6.48057e-11
新建 Microsoft Excel 工作表 (2).xlsx,2.87533e-05,-2.82204e-11
新建 Microsoft Excel 工作表 (2).xlsx,2.87533e-05,-2.82204e-11
新建 Microsoft Excel 工作表 (2).xlsx,-0.00499,-1.22501e-10
新建 Microsoft Excel 工作表 (2).xlsx,-0.00499,-1.22501e-10
新建 Microsoft Excel 工作表 (2).xlsx,-0.00999,-2.18441e-10
新建 Microsoft Excel 工作表 (2).xlsx,-0.00999,-2.18441e-10
新建 Microsoft Excel 工作表 (2).xlsx,-0.01499,-3.13903e-10
新建 Microsoft Excel 工作表 (2).xlsx,-0.01499,-3.13903e-10
新建 Microsoft Excel 工作表 (2).xlsx,-0.01999,-4.10749e-10
新建 Microsoft Excel 工作表 (2).xlsx,-0.01999,-4.10749e-10
新建 Microsoft Excel 工作表 (2).xlsx,-0.02499,-5.09988e-10
新建 Microsoft Excel 工作表 (2).xlsx,-0.02499,-5.09988e-10
新建 Microsoft Excel 工作表 (2).xlsx,-0.02999,-6.12035e-10
新建 Microsoft Excel 工作表 (2).xlsx,-0.02999,-6.12035e-10
新建 Microsoft Excel 工作表 (2).xlsx,-0.03499,-7.145e-10
新建 Microsoft Excel 工作表 (2).xlsx,-0.03499,-7.145e-10
新建 Microsoft Excel 工作表 (2).xlsx,-0.03999,-8.12273e-10
新建 Microsoft Excel 工作表 (2).xlsx,-0.03999,-8.12273e-10
新建 Microsoft Excel 工作表 (2).xlsx,-0.04499,-9.17974e-10
新建 Microsoft Excel 工作表 (2).xlsx,-0.04499,-9.17974e-10
新建 Microsoft Excel 工作表 (2).xlsx,-0.04999,-1.03181e-09
新建 Microsoft Excel 工作表 (2).xlsx,-0.04999,-1.03181e-09
新建 Microsoft Excel 工作表 (2).xlsx,-0.05499,-1.1369e-09
新建 Microsoft Excel 工作表 (2).xlsx,-0.05499,-1.1369e-09
新建 Microsoft Excel 工作表 (2).xlsx,-0.05999,-1.25004e-09
新建 Microsoft Excel 工作表 (2).xlsx,-0.05999,-1.25004e-09
新建 Microsoft Excel 工作表 (2).xlsx,-0.06499,-1.35441e-09
新建 Microsoft Excel 工作表 (2).xlsx,-0.06499,-1.35441e-09
新建 Microsoft Excel 工作表 (2).xlsx,-0.06999,-1.4682e-09
新建 Microsoft Excel 工作表 (2).xlsx,-0.06999,-1.4682e-09
新建 Microsoft Excel 工作表 (2).xlsx,-0.07499,-1.58744e-09
新建 Microsoft Excel 工作表 (2).xlsx,-0.07499,-1.58744e-09
新建 Microsoft Excel 工作表 (2).xlsx,-0.07999,-1.6963e-09
新建 Microsoft Excel 工作表 (2).xlsx,-0.07999,-1.6963e-09
新建 Microsoft Excel 工作表 (2).xlsx,-0.08499,-1.81847e-09
新建 Microsoft Excel 工作表 (2).xlsx,-0.08499,-1.81847e-09
新建 Microsoft Excel 工作表 (2).xlsx,-0.08999,-1.92366e-09
新建 Microsoft Excel 工作表 (2).xlsx,-0.08999,-1.92366e-09
新建 Microsoft Excel 工作表 (2).xlsx,-0.09499,-2.05037e-09
新建 Microsoft Excel 工作表 (2).xlsx,-0.09499,-2.05037e-09
新建 Microsoft Excel 工作表 (2).xlsx,-0.09999,-2.16859e-09
新建 Microsoft Excel 工作表 (2).xlsx,-0.09999,-2.16859e-09
新建 Microsoft Excel 工作表 (2).xlsx,-0.10499,-2.29214e-09
新建 Microsoft Excel 工作表 (2).xlsx,-0.10499,-2.29214e-09
新建 Microsoft Excel 工作表 (2).xlsx,-0.10999,-2.41761e-09
新建 Microsoft Excel 工作表 (2).xlsx,-0.10999,-2.41761e-09
新建 Microsoft Excel 工作表 (2).xlsx,-0.11499,-2.55566e-09
新建 Microsoft Excel 工作表 (2).xlsx,-0.11499,-2.55566e-09
新建 Microsoft Excel 工作表 (2).xlsx,-0.11999,-2.69156e-09
新建 Microsoft Excel 工作表 (2).xlsx,-0.11999,-2.69156e-09
新建 Microsoft Excel 工作表 (2).xlsx,-0.12499,-2.81893e-09
新建 Microsoft Excel 工作表 (2).xlsx,-0.12499,-2.81893e-09
新建 Microsoft Excel 工作表 (2).xlsx,-0.12999,-2.9443e-09
新建 Microsoft Excel 工作表 (2).xlsx,-0.12999,-2.9443e-09
新建 Microsoft Excel 工作表 (2).xlsx,-0.13499,-3.07816e-09
新建 Microsoft Excel 工作表 (2).xlsx,-0.13499,-3.07816e-09
新建 Microsoft Excel 工作表 (2).xlsx,-0.13999,-3.20066e-09
新建 Microsoft Excel 工作表 (2).xlsx,-0.13999,-3.20066e-09
新建 Microsoft Excel 工作表 (2).xlsx,-0.14498,-3.34711e-09
新建 Microsoft Excel 工作表 (2).xlsx,-0.14498,-3.34711e-09
新建 Microsoft Excel 工作表 (2).xlsx,-0.14999,-3.47744e-09
新建 Microsoft Excel 工作表 (2).xlsx,-0.14999,-3.47744e-09
新建 Microsoft Excel 工作表 (2).xlsx,-0.15498,-3.60732e-09
新建 Microsoft Excel 工作表 (2).xlsx,-0.15498,-3.60732e-09
新建 Microsoft Excel 工作表 (2).xlsx,-0.15998,-3.75199e-09
新建 Microsoft Excel 工作表 (2).xlsx,-0.15998,-3.75199e-09
新建 Microsoft Excel 工作表 (2).xlsx,-0.16498,-3.90135e-09
新建 Microsoft Excel 工作表 (2).xlsx,-0.16498,-3.90135e-09
新建 Microsoft Excel 工作表 (2).xlsx,-0.16998,-4.05343e-09
新建 Microsoft Excel 工作表 (2).xlsx,-0.16998,-4.05343e-09
新建 Microsoft Excel 工作表 (2).xlsx,-0.17498,-4.19758e-09
新建 Microsoft Excel 工作表 (2).xlsx,-0.17498,-4.19758e-09
新建 Microsoft Excel 工作表 (2).xlsx,-0.17998,-4.39171e-09
新建 Microsoft Excel 工作表 (2).xlsx,-0.17998,-4.39171e-09
新建 Microsoft Excel 工作表 (2).xlsx,-0.18497,-4.54104e-09
新建 Microsoft Excel 工作表 (2).xlsx,-0.18497,-4.54104e-09
新建 Microsoft Excel 工作表 (2).xlsx,-0.18997,-4.73287e-09
新建 Microsoft Excel 工作表 (2).xlsx,-0.18997,-4.73287e-09
新建 Microsoft Excel 工作表 (2).xlsx,-0.19497,-4.90159e-09
新建 Microsoft Excel 工作表 (2).xlsx,-0.19497,-4.90159e-09
新建 Microsoft Excel 工作表 (2).xlsx,-0.19998,-5.06172e-09
新建 Microsoft Excel 工作表 (2).xlsx,-0.19998,-5.06172e-09
新建 Microsoft Excel 工作表 (2).xlsx,-0.20496,-5.24278e-09
新建 Microsoft Excel 工作表 (2).xlsx,-0.20496,-5.24278e-09
新建 Microsoft Excel 工作表 (2).xlsx,-0.20996,-5.45161e-09
新建 Microsoft Excel 工作表 (2).xlsx,-0.20996,-5.45161e-09
新建 Microsoft Excel 工作表 (2).xlsx,-0.21497,-5.61247e-09
新建 Microsoft Excel 工作表 (2).xlsx,-0.21497,-5.61247e-09
新建 Microsoft Excel 工作表 (2).xlsx,-0.21999,-5.81966e-09
新建 Microsoft Excel 工作表 (2).xlsx,-0.21999,-5.81966e-09
新建 Microsoft Excel 工作表 (2).xlsx,-0.22496,-6.01995e-09
新建 Microsoft Excel 工作表 (2).xlsx,-0.22496,-6.01995e-09
新建 Microsoft Excel 工作表 (2).xlsx,-0.22996,-6.18466e-09
新建 Microsoft Excel 工作表 (2).xlsx,-0.22996,-6.18466e-09
新建 Microsoft Excel 工作表 (2).xlsx,-0.23497,-6.36334e-09
新建 Microsoft Excel 工作表 (2).xlsx,-0.23497,-6.36334e-09
新建 Microsoft Excel 工作表 (2).xlsx,-0.23999,-6.56065e-09
新建 Microsoft Excel 工作表 (2).xlsx,-0.23999,-6.56065e-09
新建 Microsoft Excel 工作表 (2).xlsx,-0.245,-6.76774e-09
新建 Microsoft Excel 工作表 (2).xlsx,-0.245,-6.76774e-09
新建 Microsoft Excel 工作表 (2).xlsx,-0.24996,-6.96035e-09
新建 Microsoft Excel 工作表 (2).xlsx,-0.24996,-6.96035e-09
新建 Microsoft Excel 工作表 (2).xlsx,-0.24997,-7.01606e-09
新建 Microsoft Excel 工作表 (2).xlsx,-0.24997,-7.01606e-09
新建 Microsoft Excel 工作表 (2).xlsx,-0.24499,-6.88873e-09
新建 Microsoft Excel 工作表 (2).xlsx,-0.24499,-6.88873e-09
新建 Microsoft Excel 工作表 (2).xlsx,-0.23999,-6.7536e-09
新建 Microsoft Excel 工作表 (2).xlsx,-0.23999,-6.7536e-09
新建 Microsoft Excel 工作表 (2).xlsx,-0.23497,-6.62114e-09
新建 Microsoft Excel 工作表 (2).xlsx,-0.23497,-6.62114e-09
新建 Microsoft Excel 工作表 (2).xlsx,-0.22996,-6.49428e-09
新建 Microsoft Excel 工作表 (2).xlsx,-0.22996,-6.49428e-09
新建 Microsoft Excel 工作表 (2).xlsx,-0.22496,-6.34099e-09
新建 Microsoft Excel 工作表 (2).xlsx,-0.22496,-6.34099e-09
新建 Microsoft Excel 工作表 (2).xlsx,-0.21999,-6.19972e-09
新建 Microsoft Excel 工作表 (2).xlsx,-0.21999,-6.19972e-09
新建 Microsoft Excel 工作表 (2).xlsx,-0.21498,-6.06862e-09
新建 Microsoft Excel 工作表 (2).xlsx,-0.21498,-6.06862e-09
新建 Microsoft Excel 工作表 (2).xlsx,-0.20998,-5.9251e-09
新建 Microsoft Excel 工作表 (2).xlsx,-0.20998,-5.9251e-09
新建 Microsoft Excel 工作表 (2).xlsx,-0.20497,-5.78043e-09
新建 Microsoft Excel 工作表 (2).xlsx,-0.20497,-5.78043e-09
新建 Microsoft Excel 工作表 (2).xlsx,-0.19999,-5.61983e-09
新建 Microsoft Excel 工作表 (2).xlsx,-0.19999,-5.61983e-09
新建 Microsoft Excel 工作表 (2).xlsx,-0.19498,-5.46476e-09
新建 Microsoft Excel 工作表 (2).xlsx,-0.19498,-5.46476e-09
新建 Microsoft Excel 工作表 (2).xlsx,-0.18998,-5.31478e-09
新建 Microsoft Excel 工作表 (2).xlsx,-0.18998,-5.31478e-09
新建 Microsoft Excel 工作表 (2).xlsx,-0.18498,-5.17271e-09
新建 Microsoft Excel 工作表 (2).xlsx,-0.18498,-5.17271e-09
新建 Microsoft Excel 工作表 (2).xlsx,-0.17999,-5.02485e-09
新建 Microsoft Excel 工作表 (2).xlsx,-0.17999,-5.02485e-09
新建 Microsoft Excel 工作表 (2).xlsx,-0.17499,-4.8763e-09
新建 Microsoft Excel 工作表 (2).xlsx,-0.17499,-4.8763e-09
新建 Microsoft Excel 工作表 (2).xlsx,-0.16999,-4.73006e-09
新建 Microsoft Excel 工作表 (2).xlsx,-0.16999,-4.73006e-09
新建 Microsoft Excel 工作表 (2).xlsx,-0.16498,-4.55278e-09
新建 Microsoft Excel 工作表 (2).xlsx,-0.16498,-4.55278e-09
新建 Microsoft Excel 工作表 (2).xlsx,-0.15999,-4.40891e-09
新建 Microsoft Excel 工作表 (2).xlsx,-0.15999,-4.40891e-09
新建 Microsoft Excel 工作表 (2).xlsx,-0.15499,-4.27057e-09
新建 Microsoft Excel 工作表 (2).xlsx,-0.15499,-4.27057e-09
新建 Microsoft Excel 工作表 (2).xlsx,-0.14999,-4.13326e-09
新建 Microsoft Excel 工作表 (2).xlsx,-0.14999,-4.13326e-09
新建 Microsoft Excel 工作表 (2).xlsx,-0.14499,-3.98077e-09
新建 Microsoft Excel 工作表 (2).xlsx,-0.14499,-3.98077e-09
新建 Microsoft Excel 工作表 (2).xlsx,-0.13999,-3.84423e-09
新建 Microsoft Excel 工作表 (2).xlsx,-0.13999,-3.84423e-09
新建 Microsoft Excel 工作表 (2).xlsx,-0.13499,-3.68007e-09
新建 Microsoft Excel 工作表 (2).xlsx,-0.13499,-3.68007e-09
新建 Microsoft Excel 工作表 (2).xlsx,-0.12999,-3.54919e-09
新建 Microsoft Excel 工作表 (2).xlsx,-0.12999,-3.54919e-09
新建 Microsoft Excel 工作表 (2).xlsx,-0.12499,-3.40242e-09
新建 Microsoft Excel 工作表 (2).xlsx,-0.12499,-3.40242e-09
新建 Microsoft Excel 工作表 (2).xlsx,-0.11999,-3.26628e-09
新建 Microsoft Excel 工作表 (2).xlsx,-0.11999,-3.26628e-09
新建 Microsoft Excel 工作表 (2).xlsx,-0.11499,-3.11149e-09
新建 Microsoft Excel 工作表 (2).xlsx,-0.11499,-3.11149e-09
新建 Microsoft Excel 工作表 (2).xlsx,-0.10999,-2.96488e-09
新建 Microsoft Excel 工作表 (2).xlsx,-0.10999,-2.96488e-09
新建 Microsoft Excel 工作表 (2).xlsx,-0.10499,-2.82198e-09
新建 Microsoft Excel 工作表 (2).xlsx,-0.10499,-2.82198e-09
新建 Microsoft Excel 工作表 (2).xlsx,-0.09999,-2.6793e-09
新建 Microsoft Excel 工作表 (2).xlsx,-0.09999,-2.6793e-09
新建 Microsoft Excel 工作表 (2).xlsx,-0.09499,-2.5385e-09
新建 Microsoft Excel 工作表 (2).xlsx,-0.09499,-2.5385e-09
新建 Microsoft Excel 工作表 (2).xlsx,-0.08999,-2.39372e-09
新建 Microsoft Excel 工作表 (2).xlsx,-0.08999,-2.39372e-09
新建 Microsoft Excel 工作表 (2).xlsx,-0.08499,-2.24495e-09
新建 Microsoft Excel 工作表 (2).xlsx,-0.08499,-2.24495e-09
新建 Microsoft Excel 工作表 (2).xlsx,-0.08,-2.10739e-09
新建 Microsoft Excel 工作表 (2).xlsx,-0.08,-2.10739e-09
新建 Microsoft Excel 工作表 (2).xlsx,-0.07499,-1.97217e-09
新建 Microsoft Excel 工作表 (2).xlsx,-0.07499,-1.97217e-09
新建 Microsoft Excel 工作表 (2).xlsx,-0.07,-1.83976e-09
新建 Microsoft Excel 工作表 (2).xlsx,-0.07,-1.83976e-09
新建 Microsoft Excel 工作表 (2).xlsx,-0.06499,-1.70416e-09
新建 Microsoft Excel 工作表 (2).xlsx,-0.06499,-1.70416e-09
新建 Microsoft Excel 工作表 (2).xlsx,-0.05999,-1.56525e-09
新建 Microsoft Excel 工作表 (2).xlsx,-0.05999,-1.56525e-09
新建 Microsoft Excel 工作表 (2).xlsx,-0.055,-1.42937e-09
新建 Microsoft Excel 工作表 (2).xlsx,-0.055,-1.42937e-09
新建 Microsoft Excel 工作表 (2).xlsx,-0.04999,-1.29483e-09
新建 Microsoft Excel 工作表 (2).xlsx,-0.04999,-1.29483e-09
新建 Microsoft Excel 工作表 (2).xlsx,-0.04499,-1.16137e-09
新建 Microsoft Excel 工作表 (2).xlsx,-0.04499,-1.16137e-09
新建 Microsoft Excel 工作表 (2).xlsx,-0.03999,-1.0332e-09
新建 Microsoft Excel 工作表 (2).xlsx,-0.03999,-1.0332e-09
新建 Microsoft Excel 工作表 (2).xlsx,-0.03498,-9.02228e-10
新建 Microsoft Excel 工作表 (2).xlsx,-0.03498,-9.02228e-10
新建 Microsoft Excel 工作表 (2).xlsx,-0.02999,-7.74997e-10
新建 Microsoft Excel 工作表 (2).xlsx,-0.02999,-7.74997e-10
新建 Microsoft Excel 工作表 (2).xlsx,-0.02499,-6.4845e-10
新建 Microsoft Excel 工作表 (2).xlsx,-0.02499,-6.4845e-10
新建 Microsoft Excel 工作表 (2).xlsx,-0.01999,-5.21559e-10
新建 Microsoft Excel 工作表 (2).xlsx,-0.01999,-5.21559e-10
新建 Microsoft Excel 工作表 (2).xlsx,-0.01499,-3.94949e-10
新建 Microsoft Excel 工作表 (2).xlsx,-0.01499,-3.94949e-10
新建 Microsoft Excel 工作表 (2).xlsx,-0.00999,-2.70503e-10
新建 Microsoft Excel 工作表 (2).xlsx,-0.00999,-2.70503e-10
新建 Microsoft Excel 工作表 (2).xlsx,-0.00499,-1.47523e-10
新建 Microsoft Excel 工作表 (3).xlsx,1.21832e-05,-3.86596e-11
新建 Microsoft Excel 工作表 (3).xlsx,0.01001,2.08056e-10
新建 Microsoft Excel 工作表 (3).xlsx,0.01001,2.08056e-10
新建 Microsoft Excel 工作表 (3).xlsx,0.02001,4.51183e-10
新建 Microsoft Excel 工作表 (3).xlsx,0.02001,4.51183e-10
新建 Microsoft Excel 工作表 (3).xlsx,0.03001,6.89948e-10
新建 Microsoft Excel 工作表 (3).xlsx,0.03001,6.89948e-10
新建 Microsoft Excel 工作表 (3).xlsx,0.04001,9.25446e-10
新建 Microsoft Excel 工作表 (3).xlsx,0.04001,9.25446e-10
新建 Microsoft Excel 工作表 (3).xlsx,0.05001,1.15507e-09
新建 Microsoft Excel 工作表 (3).xlsx,0.05001,1.15507e-09
新建 Microsoft Excel 工作表 (3).xlsx,0.06002,1.38158e-09
新建 Microsoft Excel 工作表 (3).xlsx,0.06002,1.38158e-09
新建 Microsoft Excel 工作表 (3).xlsx,0.07002,1.61011e-09
新建 Microsoft Excel 工作表 (3).xlsx,0.07002,1.61011e-09
新建 Microsoft Excel 工作表 (3).xlsx,0.08002,1.82625e-09
新建 Microsoft Excel 工作表 (3).xlsx,0.08002,1.82625e-09
新建 Microsoft Excel 工作表 (3).xlsx,0.09002,2.0468e-09
新建 Microsoft Excel 工作表 (3).xlsx,0.09002,2.0468e-09
新建 Microsoft Excel 工作表 (3).xlsx,0.10002,2.25446e-09
新建 Microsoft Excel 工作表 (3).xlsx,0.10002,2.25446e-09
新建 Microsoft Excel 工作表 (3).xlsx,0.11002,2.46919e-09
新建 Microsoft Excel 工作表 (3).xlsx,0.11002,2.46919e-09
新建 Microsoft Excel 工作表 (3).xlsx,0.12002,2.66134e-09
新建 Microsoft Excel 工作表 (3).xlsx,0.12002,2.66134e-09
新建 Microsoft Excel 工作表 (3).xlsx,0.13001,2.86432e-09
新建 Microsoft Excel 工作表 (3).xlsx,0.13001,2.86432e-09
新建 Microsoft Excel 工作表 (3).xlsx,0.14001,3.05293e-09
新建 Microsoft Excel 工作表 (3).xlsx,0.14001,3.05293e-09
新建 Microsoft Excel 工作表 (3).xlsx,0.15002,3.23421e-09
新建 Microsoft Excel 工作表 (3).xlsx,0.15002,3.23421e-09
新建 Microsoft Excel 工作表 (3).xlsx,0.16002,3.40631e-09
新建 Microsoft Excel 工作表 (3).xlsx,0.16002,3.40631e-09
新建 Microsoft Excel 工作表 (3).xlsx,0.17001,3.5764e-09
新建 Microsoft Excel 工作表 (3).xlsx,0.17001,3.5764e-09
新建 Microsoft Excel 工作表 (3).xlsx,0.18002,3.73458e-09
新建 Microsoft Excel 工作表 (3).xlsx,0.18002,3.73458e-09
新建 Microsoft Excel 工作表 (3).xlsx,0.19002,3.89336e-09
新建 Microsoft Excel 工作表 (3).xlsx,0.19002,3.89336e-09
新建 Microsoft Excel 工作表 (3).xlsx,0.20002,4.05806e-09
新建 Microsoft Excel 工作表 (3).xlsx,0.20002,4.05806e-09
新建 Microsoft Excel 工作表 (3).xlsx,0.20998,4.20375e-09
新建 Microsoft Excel 工作表 (3).xlsx,0.20998,4.20375e-09
新建 Microsoft Excel 工作表 (3).xlsx,0.21999,4.33758e-09
新建 Microsoft Excel 工作表 (3).xlsx,0.21999,4.33758e-09
新建 Microsoft Excel 工作表 (3).xlsx,0.22996,4.48112e-09
新建 Microsoft Excel 工作表 (3).xlsx,0.22996,4.48112e-09
新建 Microsoft Excel 工作表 (3).xlsx,0.23999,4.62842e-09
新建 Microsoft Excel 工作表 (3).xlsx,0.23999,4.62842e-09
新建 Microsoft Excel 工作表 (3).xlsx,0.24997,4.75438e-09
新建 Microsoft Excel 工作表 (3).xlsx,0.24997,4.75438e-09
新建 Microsoft Excel 工作表 (3).xlsx,0.24998,4.6926e-09
新建 Microsoft Excel 工作表 (3).xlsx,0.24998,4.6926e-09
新建 Microsoft Excel 工作表 (3).xlsx,0.23999,4.51123e-09
新建 Microsoft Excel 工作表 (3).xlsx,0.23999,4.51123e-09
新建 Microsoft Excel 工作表 (3).xlsx,0.22997,4.31653e-09
新建 Microsoft Excel 工作表 (3).xlsx,0.22997,4.31653e-09
新建 Microsoft Excel 工作表 (3).xlsx,0.21999,4.17032e-09
新建 Microsoft Excel 工作表 (3).xlsx,0.21999,4.17032e-09
新建 Microsoft Excel 工作表 (3).xlsx,0.20998,3.96255e-09
新建 Microsoft Excel 工作表 (3).xlsx,0.20998,3.96255e-09
新建 Microsoft Excel 工作表 (3).xlsx,0.20001,3.80126e-09
新建 Microsoft Excel 工作表 (3).xlsx,0.20001,3.80126e-09
新建 Microsoft Excel 工作表 (3).xlsx,0.19001,3.62732e-09
新建 Microsoft Excel 工作表 (3).xlsx,0.19001,3.62732e-09
新建 Microsoft Excel 工作表 (3).xlsx,0.18001,3.45694e-09
新建 Microsoft Excel 工作表 (3).xlsx,0.18001,3.45694e-09
新建 Microsoft Excel 工作表 (3).xlsx,0.17001,3.285e-09
新建 Microsoft Excel 工作表 (3).xlsx,0.17001,3.285e-09
新建 Microsoft Excel 工作表 (3).xlsx,0.16002,2.99394e-09
新建 Microsoft Excel 工作表 (3).xlsx,0.16002,2.99394e-09
新建 Microsoft Excel 工作表 (3).xlsx,0.15002,2.81228e-09
新建 Microsoft Excel 工作表 (3).xlsx,0.15002,2.81228e-09
新建 Microsoft Excel 工作表 (3).xlsx,0.14002,2.64251e-09
新建 Microsoft Excel 工作表 (3).xlsx,0.14002,2.64251e-09
新建 Microsoft Excel 工作表 (3).xlsx,0.13001,2.46012e-09
新建 Microsoft Excel 工作表 (3).xlsx,0.13001,2.46012e-09
新建 Microsoft Excel 工作表 (3).xlsx,0.12001,2.29282e-09
新建 Microsoft Excel 工作表 (3).xlsx,0.12001,2.29282e-09
新建 Microsoft Excel 工作表 (3).xlsx,0.11001,2.127e-09
新建 Microsoft Excel 工作表 (3).xlsx,0.11001,2.127e-09
新建 Microsoft Excel 工作表 (3).xlsx,0.10001,1.94559e-09
新建 Microsoft Excel 工作表 (3).xlsx,0.10001,1.94559e-09
新建 Microsoft Excel 工作表 (3).xlsx,0.09001,1.76885e-09
新建 Microsoft Excel 工作表 (3).xlsx,0.09001,1.76885e-09
新建 Microsoft Excel 工作表 (3).xlsx,0.08002,1.57511e-09
新建 Microsoft Excel 工作表 (3).xlsx,0.08002,1.57511e-09
新建 Microsoft Excel 工作表 (3).xlsx,0.07001,1.39318e-09
新建 Microsoft Excel 工作表 (3).xlsx,0.07001,1.39318e-09
新建 Microsoft Excel 工作表 (3).xlsx,0.06001,1.19072e-09
新建 Microsoft Excel 工作表 (3).xlsx,0.06001,1.19072e-09
新建 Microsoft Excel 工作表 (3).xlsx,0.05001,9.96029e-10
新建 Microsoft Excel 工作表 (3).xlsx,0.05001,9.96029e-10
新建 Microsoft Excel 工作表 (3).xlsx,0.04001,7.98845e-10
新建 Microsoft Excel 工作表 (3).xlsx,0.04001,7.98845e-10
新建 Microsoft Excel 工作表 (3).xlsx,0.03001,5.94795e-10
新建 Microsoft Excel 工作表 (3).xlsx,0.03001,5.94795e-10
新建 Microsoft Excel 工作表 (3).xlsx,0.02001,3.86822e-10
新建 Microsoft Excel 工作表 (3).xlsx,0.02001,3.86822e-10
新建 Microsoft Excel 工作表 (3).xlsx,0.01001,1.73068e-10
新建 Microsoft Excel 工作表 (3).xlsx,0.01001,1.73068e-10
新建 Microsoft Excel 工作表 (3).xlsx,9.13143e-06,-4.251e-11
新建 Microsoft Excel 工作表 (3).xlsx,9.13143e-06,-4.251e-11
新建 Microsoft Excel 工作表 (3).xlsx,-0.01001,-2.61343e-10
新建 Microsoft Excel 工作表 (3).xlsx,-0.01001,-2.61343e-10
新建 Microsoft Excel 工作表 (3).xlsx,-0.02001,-4.87387e-10
新建 Microsoft Excel 工作表 (3).xlsx,-0.02001,-4.87387e-10
新建 Microsoft Excel 工作表 (3).xlsx,-0.03001,-7.16257e-10
新建 Microsoft Excel 工作表 (3).xlsx,-0.03001,-7.16257e-10
新建 Microsoft Excel 工作表 (3).xlsx,-0.04001,-9.44507e-10
新建 Microsoft Excel 工作表 (3).xlsx,-0.04001,-9.44507e-10
新建 Microsoft Excel 工作表 (3).xlsx,-0.05,-1.18138e-09
新建 Microsoft Excel 工作表 (3).xlsx,-0.05,-1.18138e-09
新建 Microsoft Excel 工作表 (3).xlsx,-0.06,-1.42398e-09
新建 Microsoft Excel 工作表 (3).xlsx,-0.06,-1.42398e-09
新建 Microsoft Excel 工作表 (3).xlsx,-0.07,-1.65975e-09
新建 Microsoft Excel 工作表 (3).xlsx,-0.07,-1.65975e-09
新建 Microsoft Excel 工作表 (3).xlsx,-0.08,-1.91561e-09
新建 Microsoft Excel 工作表 (3).xlsx,-0.08,-1.91561e-09
新建 Microsoft Excel 工作表 (3).xlsx,-0.09,-2.16795e-09
新建 Microsoft Excel 工作表 (3).xlsx,-0.09,-2.16795e-09
新建 Microsoft Excel 工作表 (3).xlsx,-0.1,-2.43969e-09
新建 Microsoft Excel 工作表 (3).xlsx,-0.1,-2.43969e-09
新建 Microsoft Excel 工作表 (3).xlsx,-0.11,-2.69105e-09
新建 Microsoft Excel 工作表 (3).xlsx,-0.11,-2.69105e-09
新建 Microsoft Excel 工作表 (3).xlsx,-0.12,-2.9574e-09
新建 Microsoft Excel 工作表 (3).xlsx,-0.12,-2.9574e-09
新建 Microsoft Excel 工作表 (3).xlsx,-0.13,-3.24279e-09
新建 Microsoft Excel 工作表 (3).xlsx,-0.13,-3.24279e-09
新建 Microsoft Excel 工作表 (3).xlsx,-0.14,-3.52614e-09
新建 Microsoft Excel 工作表 (3).xlsx,-0.14,-3.52614e-09
新建 Microsoft Excel 工作表 (3).xlsx,-0.15,-3.80771e-09
新建 Microsoft Excel 工作表 (3).xlsx,-0.15,-3.80771e-09
新建 Microsoft Excel 工作表 (3).xlsx,-0.16,-4.09211e-09
新建 Microsoft Excel 工作表 (3).xlsx,-0.16,-4.09211e-09
新建 Microsoft Excel 工作表 (3).xlsx,-0.17,-4.38297e-09
新建 Microsoft Excel 工作表 (3).xlsx,-0.17,-4.38297e-09
新建 Microsoft Excel 工作表 (3).xlsx,-0.18,-4.67391e-09
新建 Microsoft Excel 工作表 (3).xlsx,-0.18,-4.67391e-09
新建 Microsoft Excel 工作表 (3).xlsx,-0.19,-4.99557e-09
新建 Microsoft Excel 工作表 (3).xlsx,-0.19,-4.99557e-09
新建 Microsoft Excel 工作表 (3).xlsx,-0.2,-5.31496e-09
新建 Microsoft Excel 工作表 (3).xlsx,-0.2,-5.31496e-09
新建 Microsoft Excel 工作表 (3).xlsx,-0.20999,-5.6548e-09
新建 Microsoft Excel 工作表 (3).xlsx,-0.20999,-5.6548e-09
新建 Microsoft Excel 工作表 (3).xlsx,-0.22,-6.00498e-09
新建 Microsoft Excel 工作表 (3).xlsx,-0.22,-6.00498e-09
新建 Microsoft Excel 工作表 (3).xlsx,-0.22998,-6.37119e-09
新建 Microsoft Excel 工作表 (3).xlsx,-0.22998,-6.37119e-09
新建 Microsoft Excel 工作表 (3).xlsx,-0.24001,-6.7349e-09
新建 Microsoft Excel 工作表 (3).xlsx,-0.24001,-6.7349e-09
新建 Microsoft Excel 工作表 (3).xlsx,-0.24999,-7.07961e-09
新建 Microsoft Excel 工作表 (3).xlsx,-0.24999,-7.07961e-09
新建 Microsoft Excel 工作表 (3).xlsx,-0.24999,-7.10936e-09
新建 Microsoft Excel 工作表 (3).xlsx,-0.24999,-7.10936e-09
新建 Microsoft Excel 工作表 (3).xlsx,-0.24001,-6.86197e-09
新建 Microsoft Excel 工作表 (3).xlsx,-0.24001,-6.86197e-09
新建 Microsoft Excel 工作表 (3).xlsx,-0.22998,-6.60704e-09
新建 Microsoft Excel 工作表 (3).xlsx,-0.22998,-6.60704e-09
新建 Microsoft Excel 工作表 (3).xlsx,-0.22001,-6.32139e-09
新建 Microsoft Excel 工作表 (3).xlsx,-0.22001,-6.32139e-09
新建 Microsoft Excel 工作表 (3).xlsx,-0.20999,-6.01622e-09
新建 Microsoft Excel 工作表 (3).xlsx,-0.20999,-6.01622e-09
新建 Microsoft Excel 工作表 (3).xlsx,-0.20001,-5.71866e-09
新建 Microsoft Excel 工作表 (3).xlsx,-0.20001,-5.71866e-09
新建 Microsoft Excel 工作表 (3).xlsx,-0.19,-5.43486e-09
新建 Microsoft Excel 工作表 (3).xlsx,-0.19,-5.43486e-09
新建 Microsoft Excel 工作表 (3).xlsx,-0.18,-5.12943e-09
新建 Microsoft Excel 工作表 (3).xlsx,-0.18,-5.12943e-09
新建 Microsoft Excel 工作表 (3).xlsx,-0.17,-4.83117e-09
新建 Microsoft Excel 工作表 (3).xlsx,-0.17,-4.83117e-09
新建 Microsoft Excel 工作表 (3).xlsx,-0.16001,-4.53217e-09
新建 Microsoft Excel 工作表 (3).xlsx,-0.16001,-4.53217e-09
新建 Microsoft Excel 工作表 (3).xlsx,-0.15001,-4.22156e-09
新建 Microsoft Excel 工作表 (3).xlsx,-0.15001,-4.22156e-09
新建 Microsoft Excel 工作表 (3).xlsx,-0.14,-3.92909e-09
新建 Microsoft Excel 工作表 (3).xlsx,-0.14,-3.92909e-09
新建 Microsoft Excel 工作表 (3).xlsx,-0.13,-3.62432e-09
新建 Microsoft Excel 工作表 (3).xlsx,-0.13,-3.62432e-09
新建 Microsoft Excel 工作表 (3).xlsx,-0.12,-3.34134e-09
新建 Microsoft Excel 工作表 (3).xlsx,-0.12,-3.34134e-09
新建 Microsoft Excel 工作表 (3).xlsx,-0.11,-3.05526e-09
新建 Microsoft Excel 工作表 (3).xlsx,-0.11,-3.05526e-09
新建 Microsoft Excel 工作表 (3).xlsx,-0.1,-2.76357e-09
新建 Microsoft Excel 工作表 (3).xlsx,-0.1,-2.76357e-09
新建 Microsoft Excel 工作表 (3).xlsx,-0.09,-2.47778e-09
新建 Microsoft Excel 工作表 (3).xlsx,-0.09,-2.47778e-09
新建 Microsoft Excel 工作表 (3).xlsx,-0.08001,-2.19182e-09
新建 Microsoft Excel 工作表 (3).xlsx,-0.08001,-2.19182e-09
新建 Microsoft Excel 工作表 (3).xlsx,-0.07001,-1.90997e-09
新建 Microsoft Excel 工作表 (3).xlsx,-0.07001,-1.90997e-09
新建 Microsoft Excel 工作表 (3).xlsx,-0.06001,-1.64384e-09
新建 Microsoft Excel 工作表 (3).xlsx,-0.06001,-1.64384e-09
新建 Microsoft Excel 工作表 (3).xlsx,-0.05002,-1.36584e-09
新建 Microsoft Excel 工作表 (3).xlsx,-0.05002,-1.36584e-09
新建 Microsoft Excel 工作表 (3).xlsx,-0.04001,-1.09364e-09
新建 Microsoft Excel 工作表 (3).xlsx,-0.04001,-1.09364e-09
新建 Microsoft Excel 工作表 (3).xlsx,-0.03001,-8.24416e-10
新建 Microsoft Excel 工作表 (3).xlsx,-0.03001,-8.24416e-10
新建 Microsoft Excel 工作表 (3).xlsx,-0.02001,-5.55634e-10
新建 Microsoft Excel 工作表 (3).xlsx,-0.02001,-5.55634e-10
新建 Microsoft Excel 工作表 (3).xlsx,-0.01001,-2.92385e-10
新建 Microsoft Excel 工作表 (3).xlsx,-0.01001,-2.92385e-10
新建 Microsoft Excel 工作表 (3).xlsx,1.12772e-05,-3.33786e-11
新建 Microsoft Excel 工作表 (4).xlsx,1.07288e-05,-4.04954e-11
新建 Microsoft Excel 工作表 (4).xlsx,0.01924,4.40705e-10
新建 Microsoft Excel 工作表 (4).xlsx,0.01924,4.40705e-10
新建 Microsoft Excel 工作表 (4).xlsx,0.03847,9.07981e-10
新建 Microsoft Excel 工作表 (4).xlsx,0.03847,9.07981e-10
新建 Microsoft Excel 工作表 (4).xlsx,0.0577,1.35993e-09
新建 Microsoft Excel 工作表 (4).xlsx,0.0577,1.35993e-09
新建 Microsoft Excel 工作表 (4).xlsx,0.07693,1.80091e-09
新建 Microsoft Excel 工作表 (4).xlsx,0.07693,1.80091e-09
新建 Microsoft Excel 工作表 (4).xlsx,0.09616,2.23055e-09
新建 Microsoft Excel 工作表 (4).xlsx,0.09616,2.23055e-09
新建 Microsoft Excel 工作表 (4).xlsx,0.11539,2.63288e-09
新建 Microsoft Excel 工作表 (4).xlsx,0.11539,2.63288e-09
新建 Microsoft Excel 工作表 (4).xlsx,0.13463,3.02918e-09
新建 Microsoft Excel 工作表 (4).xlsx,0.13463,3.02918e-09
新建 Microsoft Excel 工作表 (4).xlsx,0.15386,3.4077e-09
新建 Microsoft Excel 工作表 (4).xlsx,0.15386,3.4077e-09
新建 Microsoft Excel 工作表 (4).xlsx,0.17309,3.76863e-09
新建 Microsoft Excel 工作表 (4).xlsx,0.17309,3.76863e-09
新建 Microsoft Excel 工作表 (4).xlsx,0.19232,4.09535e-09
新建 Microsoft Excel 工作表 (4).xlsx,0.19232,4.09535e-09
新建 Microsoft Excel 工作表 (4).xlsx,0.21151,4.4238e-09
新建 Microsoft Excel 工作表 (4).xlsx,0.21151,4.4238e-09
新建 Microsoft Excel 工作表 (4).xlsx,0.23076,4.72667e-09
新建 Microsoft Excel 工作表 (4).xlsx,0.23076,4.72667e-09
新建 Microsoft Excel 工作表 (4).xlsx,0.24998,5.00984e-09
新建 Microsoft Excel 工作表 (4).xlsx,0.24998,5.00984e-09
新建 Microsoft Excel 工作表 (4).xlsx,0.24998,4.96693e-09
新建 Microsoft Excel 工作表 (4).xlsx,0.24998,4.96693e-09
新建 Microsoft Excel 工作表 (4).xlsx,0.22998,4.56194e-09
新建 Microsoft Excel 工作表 (4).xlsx,0.22998,4.56194e-09
新建 Microsoft Excel 工作表 (4).xlsx,0.20999,4.1944e-09
新建 Microsoft Excel 工作表 (4).xlsx,0.20999,4.1944e-09
新建 Microsoft Excel 工作表 (4).xlsx,0.19002,3.81943e-09
新建 Microsoft Excel 工作表 (4).xlsx,0.19002,3.81943e-09
新建 Microsoft Excel 工作表 (4).xlsx,0.17002,3.43261e-09
新建 Microsoft Excel 工作表 (4).xlsx,0.17002,3.43261e-09
新建 Microsoft Excel 工作表 (4).xlsx,0.15002,3.07081e-09
新建 Microsoft Excel 工作表 (4).xlsx,0.15002,3.07081e-09
新建 Microsoft Excel 工作表 (4).xlsx,0.13001,2.69874e-09
新建 Microsoft Excel 工作表 (4).xlsx,0.13001,2.69874e-09
新建 Microsoft Excel 工作表 (4).xlsx,0.11002,2.30684e-09
新建 Microsoft Excel 工作表 (4).xlsx,0.11002,2.30684e-09
新建 Microsoft Excel 工作表 (4).xlsx,0.09002,1.89897e-09
新建 Microsoft Excel 工作表 (4).xlsx,0.09002,1.89897e-09
新建 Microsoft Excel 工作表 (4).xlsx,0.07001,1.48703e-09
新建 Microsoft Excel 工作表 (4).xlsx,0.07001,1.48703e-09
新建 Microsoft Excel 工作表 (4).xlsx,0.05001,1.06285e-09
新建 Microsoft Excel 工作表 (4).xlsx,0.05001,1.06285e-09
新建 Microsoft Excel 工作表 (4).xlsx,0.03002,6.26075e-10
新建 Microsoft Excel 工作表 (4).xlsx,0.03002,6.26075e-10
新建 Microsoft Excel 工作表 (4).xlsx,0.01001,1.79255e-10
新建 Microsoft Excel 工作表 (4).xlsx,0.01001,1.79255e-10
新建 Microsoft Excel 工作表 (4).xlsx,-0.01,-2.82466e-10
新建 Microsoft Excel 工作表 (4).xlsx,-0.01,-2.82466e-10
新建 Microsoft Excel 工作表 (4).xlsx,-0.03001,-7.54988e-10
新建 Microsoft Excel 工作表 (4).xlsx,-0.03001,-7.54988e-10
新建 Microsoft Excel 工作表 (4).xlsx,-0.05001,-1.24046e-09
新建 Microsoft Excel 工作表 (4).xlsx,-0.05001,-1.24046e-09
新建 Microsoft Excel 工作表 (4).xlsx,-0.07001,-1.73738e-09
新建 Microsoft Excel 工作表 (4).xlsx,-0.07001,-1.73738e-09
新建 Microsoft Excel 工作表 (4).xlsx,-0.09,-2.24777e-09
新建 Microsoft Excel 工作表 (4).xlsx,-0.09,-2.24777e-09
新建 Microsoft Excel 工作表 (4).xlsx,-0.11001,-2.78498e-09
新建 Microsoft Excel 工作表 (4).xlsx,-0.11001,-2.78498e-09
新建 Microsoft Excel 工作表 (4).xlsx,-0.13001,-3.31804e-09
新建 Microsoft Excel 工作表 (4).xlsx,-0.13001,-3.31804e-09
新建 Microsoft Excel 工作表 (4).xlsx,-0.15001,-3.88674e-09
新建 Microsoft Excel 工作表 (4).xlsx,-0.15001,-3.88674e-09
新建 Microsoft Excel 工作表 (4).xlsx,-0.17,-4.47936e-09
新建 Microsoft Excel 工作表 (4).xlsx,-0.17,-4.47936e-09
新建 Microsoft Excel 工作表 (4).xlsx,-0.19,-5.06181e-09
新建 Microsoft Excel 工作表 (4).xlsx,-0.19,-5.06181e-09
新建 Microsoft Excel 工作表 (4).xlsx,-0.20999,-5.6473e-09
新建 Microsoft Excel 工作表 (4).xlsx,-0.20999,-5.6473e-09
新建 Microsoft Excel 工作表 (4).xlsx,-0.22999,-6.28999e-09
新建 Microsoft Excel 工作表 (4).xlsx,-0.22999,-6.28999e-09
新建 Microsoft Excel 工作表 (4).xlsx,-0.24998,-6.96526e-09
新建 Microsoft Excel 工作表 (4).xlsx,-0.24998,-6.96526e-09
新建 Microsoft Excel 工作表 (4).xlsx,-0.24998,-7.10692e-09
新建 Microsoft Excel 工作表 (4).xlsx,-0.24998,-7.10692e-09
新建 Microsoft Excel 工作表 (4).xlsx,-0.23077,-6.62146e-09
新建 Microsoft Excel 工作表 (4).xlsx,-0.23077,-6.62146e-09
新建 Microsoft Excel 工作表 (4).xlsx,-0.21152,-6.06927e-09
新建 Microsoft Excel 工作表 (4).xlsx,-0.21152,-6.06927e-09
新建 Microsoft Excel 工作表 (4).xlsx,-0.19231,-5.48832e-09
新建 Microsoft Excel 工作表 (4).xlsx,-0.19231,-5.48832e-09
新建 Microsoft Excel 工作表 (4).xlsx,-0.17308,-4.90816e-09
新建 Microsoft Excel 工作表 (4).xlsx,-0.17308,-4.90816e-09
新建 Microsoft Excel 工作表 (4).xlsx,-0.15385,-4.35337e-09
新建 Microsoft Excel 工作表 (4).xlsx,-0.15385,-4.35337e-09
新建 Microsoft Excel 工作表 (4).xlsx,-0.13462,-3.77375e-09
新建 Microsoft Excel 工作表 (4).xlsx,-0.13462,-3.77375e-09
新建 Microsoft Excel 工作表 (4).xlsx,-0.11538,-3.21738e-09
新建 Microsoft Excel 工作表 (4).xlsx,-0.11538,-3.21738e-09
新建 Microsoft Excel 工作表 (4).xlsx,-0.09616,-2.65188e-09
新建 Microsoft Excel 工作表 (4).xlsx,-0.09616,-2.65188e-09
新建 Microsoft Excel 工作表 (4).xlsx,-0.07693,-2.11704e-09
新建 Microsoft Excel 工作表 (4).xlsx,-0.07693,-2.11704e-09
新建 Microsoft Excel 工作表 (4).xlsx,-0.0577,-1.57822e-09
新建 Microsoft Excel 工作表 (4).xlsx,-0.0577,-1.57822e-09
新建 Microsoft Excel 工作表 (4).xlsx,-0.03847,-1.05048e-09
新建 Microsoft Excel 工作表 (4).xlsx,-0.03847,-1.05048e-09
新建 Microsoft Excel 工作表 (4).xlsx,-0.01924,-5.35166e-10
新建 Microsoft Excel 工作表 (4).xlsx,-0.01924,-5.35166e-10
新建 Microsoft Excel 工作表 (4).xlsx,1.95265e-05,-3.08394e-11
新建 Microsoft Excel 工作表 (5).xlsx,8.86917e-06,-3.75032e-11
新建 Microsoft Excel 工作表 (5).xlsx,0.05,1.19756e-09
新建 Microsoft Excel 工作表 (5).xlsx,0.05,1.19756e-09
新建 Microsoft Excel 工作表 (5).xlsx,0.10001,2.35599e-09
新建 Microsoft Excel 工作表 (5).xlsx,0.10001,2.35599e-09
新建 Microsoft Excel 工作表 (5).xlsx,0.15001,3.42005e-09
新建 Microsoft Excel 工作表 (5).xlsx,0.15001,3.42005e-09
新建 Microsoft Excel 工作表 (5).xlsx,0.20001,4.3836e-09
新建 Microsoft Excel 工作表 (5).xlsx,0.20001,4.3836e-09
新建 Microsoft Excel 工作表 (5).xlsx,0.24997,5.22877e-09
新建 Microsoft Excel 工作表 (5).xlsx,0.24997,5.22877e-09
新建 Microsoft Excel 工作表 (5).xlsx,0.24997,5.1042e-09
新建 Microsoft Excel 工作表 (5).xlsx,0.24997,5.1042e-09
新建 Microsoft Excel 工作表 (5).xlsx,0.20002,4.10527e-09
新建 Microsoft Excel 工作表 (5).xlsx,0.20002,4.10527e-09
新建 Microsoft Excel 工作表 (5).xlsx,0.15001,3.1397e-09
新建 Microsoft Excel 工作表 (5).xlsx,0.15001,3.1397e-09
新建 Microsoft Excel 工作表 (5).xlsx,0.10001,2.13414e-09
新建 Microsoft Excel 工作表 (5).xlsx,0.10001,2.13414e-09
新建 Microsoft Excel 工作表 (5).xlsx,0.05001,1.06763e-09
新建 Microsoft Excel 工作表 (5).xlsx,0.05001,1.06763e-09
新建 Microsoft Excel 工作表 (5).xlsx,9.82285e-06,-6.17743e-11
新建 Microsoft Excel 工作表 (5).xlsx,9.82285e-06,-6.17743e-11
新建 Microsoft Excel 工作表 (5).xlsx,-0.05001,-1.2592e-09
新建 Microsoft Excel 工作表 (5).xlsx,-0.05001,-1.2592e-09
新建 Microsoft Excel 工作表 (5).xlsx,-0.1,-2.51051e-09
新建 Microsoft Excel 工作表 (5).xlsx,-0.1,-2.51051e-09
新建 Microsoft Excel 工作表 (5).xlsx,-0.15,-3.833e-09
新建 Microsoft Excel 工作表 (5).xlsx,-0.15,-3.833e-09
新建 Microsoft Excel 工作表 (5).xlsx,-0.2,-5.22029e-09
新建 Microsoft Excel 工作表 (5).xlsx,-0.2,-5.22029e-09
新建 Microsoft Excel 工作表 (5).xlsx,-0.24998,-6.67186e-09
新建 Microsoft Excel 工作表 (5).xlsx,-0.24998,-6.67186e-09
新建 Microsoft Excel 工作表 (5).xlsx,-0.24998,-6.82502e-09
新建 Microsoft Excel 工作表 (5).xlsx,-0.24998,-6.82502e-09
新建 Microsoft Excel 工作表 (5).xlsx,-0.2,-5.50231e-09
新建 Microsoft Excel 工作表 (5).xlsx,-0.2,-5.50231e-09
新建 Microsoft Excel 工作表 (5).xlsx,-0.15,-4.11111e-09
新建 Microsoft Excel 工作表 (5).xlsx,-0.15,-4.11111e-09
新建 Microsoft Excel 工作表 (5).xlsx,-0.1,-2.71209e-09
新建 Microsoft Excel 工作表 (5).xlsx,-0.1,-2.71209e-09
新建 Microsoft Excel 工作表 (5).xlsx,-0.05,-1.33837e-09
新建 Microsoft Excel 工作表 (5).xlsx,-0.05,-1.33837e-09
新建 Microsoft Excel 工作表 (5).xlsx,1.44482e-05,-2.01702e-11
新建 Microsoft Excel 工作表 (6).xlsx,3.88622e-06,-3.78609e-11
新建 Microsoft Excel 工作表 (6).xlsx,0.125,2.9631e-09
新建 Microsoft Excel 工作表 (6).xlsx,0.125,2.9631e-09
新建 Microsoft Excel 工作表 (6).xlsx,0.24997,5.49897e-09
新建 Microsoft Excel 工作表 (6).xlsx,0.24997,5.49897e-09
新建 Microsoft Excel 工作表 (6).xlsx,0.24997,5.2762e-09
新建 Microsoft Excel 工作表 (6).xlsx,0.24997,5.2762e-09
新建 Microsoft Excel 工作表 (6).xlsx,0.12501,2.70081e-09
新建 Microsoft Excel 工作表 (6).xlsx,0.12501,2.70081e-09
新建 Microsoft Excel 工作表 (6).xlsx,5.4121e-06,-8.11458e-11
新建 Microsoft Excel 工作表 (6).xlsx,5.4121e-06,-8.11458e-11
新建 Microsoft Excel 工作表 (6).xlsx,-0.12501,-3.17616e-09
新建 Microsoft Excel 工作表 (6).xlsx,-0.12501,-3.17616e-09
新建 Microsoft Excel 工作表 (6).xlsx,-0.24999,-6.55698e-09
新建 Microsoft Excel 工作表 (6).xlsx,-0.24999,-6.55698e-09
新建 Microsoft Excel 工作表 (6).xlsx,-0.24999,-6.68541e-09
新建 Microsoft Excel 工作表 (6).xlsx,-0.24999,-6.68541e-09
新建 Microsoft Excel 工作表 (6).xlsx,-0.12501,-3.32006e-09
新建 Microsoft Excel 工作表 (6).xlsx,-0.12501,-3.32006e-09
新建 Microsoft Excel 工作表 (6).xlsx,1.01805e-05,-4.01735e-12
